Wert,Jahr,Primärenergieträger,Einheit
99990,1910,Primärenergieträger - Total,In TJ
100,1910,Primärenergieträger - Total,Anteil in %
240,1910,Erdölbrennstoffe,In TJ
0.24002400240024,1910,Erdölbrennstoffe,Anteil in %
500,1910,Treibstoffe,In TJ
0.5000500050005,1910,Treibstoffe,Anteil in %
3530,1910,Elektrizität,In TJ
3.53035303530353,1910,Elektrizität,Anteil in %
2220,1910,Gas,In TJ
2.22022202220222,1910,Gas,Anteil in %
76310,1910,Kohle,In TJ
76.31763176317632,1910,Kohle,Anteil in %
17190,1910,Holz und Holzkohle,In TJ
17.19171917191719,1910,Holz und Holzkohle,Anteil in %
"""...""",1910,Fernwärme,In TJ
"""...""",1910,Fernwärme,Anteil in %
"""...""",1910,Abfälle,In TJ
"""...""",1910,Abfälle,Anteil in %
"""...""",1910,Übrige erneuerbare Energien,In TJ
"""...""",1910,Übrige erneuerbare Energien,Anteil in %
109490,1911,Primärenergieträger - Total,In TJ
100,1911,Primärenergieträger - Total,Anteil in %
340,1911,Erdölbrennstoffe,In TJ
0.310530642067769,1911,Erdölbrennstoffe,Anteil in %
620,1911,Treibstoffe,In TJ
0.566261759064755,1911,Treibstoffe,Anteil in %
4330,1911,Elektrizität,In TJ
3.95469905927482,1911,Elektrizität,Anteil in %
2350,1911,Gas,In TJ
2.14631473193899,1911,Gas,Anteil in %
84660,1911,Kohle,In TJ
77.32212987487442,1911,Kohle,Anteil in %
17190,1911,Holz und Holzkohle,In TJ
15.70006393277925,1911,Holz und Holzkohle,Anteil in %
"""...""",1911,Fernwärme,In TJ
"""...""",1911,Fernwärme,Anteil in %
"""...""",1911,Abfälle,In TJ
"""...""",1911,Abfälle,Anteil in %
"""...""",1911,Übrige erneuerbare Energien,In TJ
"""...""",1911,Übrige erneuerbare Energien,Anteil in %
111190,1912,Primärenergieträger - Total,In TJ
100,1912,Primärenergieträger - Total,Anteil in %
350,1912,Erdölbrennstoffe,In TJ
0.314776508678838,1912,Erdölbrennstoffe,Anteil in %
660,1912,Treibstoffe,In TJ
0.593578559222952,1912,Treibstoffe,Anteil in %
5040,1912,Elektrizität,In TJ
4.532781724975267,1912,Elektrizität,Anteil in %
2570,1912,Gas,In TJ
2.311358935156039,1912,Gas,Anteil in %
85380,1912,Kohle,In TJ
76.78748088856912,1912,Kohle,Anteil in %
17190,1912,Holz und Holzkohle,In TJ
15.46002338339779,1912,Holz und Holzkohle,Anteil in %
"""...""",1912,Fernwärme,In TJ
"""...""",1912,Fernwärme,Anteil in %
"""...""",1912,Abfälle,In TJ
"""...""",1912,Abfälle,Anteil in %
"""...""",1912,Übrige erneuerbare Energien,In TJ
"""...""",1912,Übrige erneuerbare Energien,Anteil in %
115670,1913,Primärenergieträger - Total,In TJ
100,1913,Primärenergieträger - Total,Anteil in %
340,1913,Erdölbrennstoffe,In TJ
0.293939655917697,1913,Erdölbrennstoffe,Anteil in %
690,1913,Treibstoffe,In TJ
0.596524595832973,1913,Treibstoffe,Anteil in %
5450,1913,Elektrizität,In TJ
4.71167977868073,1913,Elektrizität,Anteil in %
2550,1913,Gas,In TJ
2.204547419382727,1913,Gas,Anteil in %
89450,1913,Kohle,In TJ
77.33206535834702,1913,Kohle,Anteil in %
17190,1913,Holz und Holzkohle,In TJ
14.86124319183885,1913,Holz und Holzkohle,Anteil in %
"""...""",1913,Fernwärme,In TJ
"""...""",1913,Fernwärme,Anteil in %
"""...""",1913,Abfälle,In TJ
"""...""",1913,Abfälle,Anteil in %
"""...""",1913,Übrige erneuerbare Energien,In TJ
"""...""",1913,Übrige erneuerbare Energien,Anteil in %
112640,1914,Primärenergieträger - Total,In TJ
100,1914,Primärenergieträger - Total,Anteil in %
150,1914,Erdölbrennstoffe,In TJ
0.133167613636364,1914,Erdölbrennstoffe,Anteil in %
520,1914,Treibstoffe,In TJ
0.461647727272727,1914,Treibstoffe,Anteil in %
5670,1914,Elektrizität,In TJ
5.033735795454546,1914,Elektrizität,Anteil in %
2570,1914,Gas,In TJ
2.281605113636364,1914,Gas,Anteil in %
86900,1914,Kohle,In TJ
77.1484375,1914,Kohle,Anteil in %
16830,1914,Holz und Holzkohle,In TJ
14.94140625,1914,Holz und Holzkohle,Anteil in %
"""...""",1914,Fernwärme,In TJ
"""...""",1914,Fernwärme,Anteil in %
"""...""",1914,Abfälle,In TJ
"""...""",1914,Abfälle,Anteil in %
"""...""",1914,Übrige erneuerbare Energien,In TJ
"""...""",1914,Übrige erneuerbare Energien,Anteil in %
112061,1915,Primärenergieträger - Total,In TJ
100,1915,Primärenergieträger - Total,Anteil in %
41,1915,Erdölbrennstoffe,In TJ
0.036587215891345,1915,Erdölbrennstoffe,Anteil in %
450,1915,Treibstoffe,In TJ
0.401567003685493,1915,Treibstoffe,Anteil in %
6240,1915,Elektrizität,In TJ
5.568395784438833,1915,Elektrizität,Anteil in %
2660,1915,Gas,In TJ
2.373707177340913,1915,Gas,Anteil in %
87740,1915,Kohle,In TJ
78.29664200747807,1915,Kohle,Anteil in %
14930,1915,Holz und Holzkohle,In TJ
13.32310081116535,1915,Holz und Holzkohle,Anteil in %
"""...""",1915,Fernwärme,In TJ
"""...""",1915,Fernwärme,Anteil in %
"""...""",1915,Abfälle,In TJ
"""...""",1915,Abfälle,Anteil in %
"""...""",1915,Übrige erneuerbare Energien,In TJ
"""...""",1915,Übrige erneuerbare Energien,Anteil in %
105292,1916,Primärenergieträger - Total,In TJ
100,1916,Primärenergieträger - Total,Anteil in %
12,1916,Erdölbrennstoffe,In TJ
0.011396877255632,1916,Erdölbrennstoffe,Anteil in %
170,1916,Treibstoffe,In TJ
0.161455761121453,1916,Treibstoffe,Anteil in %
6840,1916,Elektrizität,In TJ
6.496220035710215,1916,Elektrizität,Anteil in %
2900,1916,Gas,In TJ
2.754245336777723,1916,Gas,Anteil in %
82780,1916,Kohle,In TJ
78.61945826843444,1916,Kohle,Anteil in %
12590,1916,Holz und Holzkohle,In TJ
11.95722372070053,1916,Holz und Holzkohle,Anteil in %
"""...""",1916,Fernwärme,In TJ
"""...""",1916,Fernwärme,Anteil in %
"""...""",1916,Abfälle,In TJ
"""...""",1916,Abfälle,Anteil in %
"""...""",1916,Übrige erneuerbare Energien,In TJ
"""...""",1916,Übrige erneuerbare Energien,Anteil in %
92023,1917,Primärenergieträger - Total,In TJ
100,1917,Primärenergieträger - Total,Anteil in %
3,1917,Erdölbrennstoffe,In TJ
0.003260054551579,1917,Erdölbrennstoffe,Anteil in %
310,1917,Treibstoffe,In TJ
0.336872303663215,1917,Treibstoffe,Anteil in %
7560,1917,Elektrizität,In TJ
8.215337469980332,1917,Elektrizität,Anteil in %
2190,1917,Gas,In TJ
2.379839822653032,1917,Gas,Anteil in %
68380,1917,Kohle,In TJ
74.30751007900199,1917,Kohle,Anteil in %
13580,1917,Holz und Holzkohle,In TJ
14.75718027014985,1917,Holz und Holzkohle,Anteil in %
"""...""",1917,Fernwärme,In TJ
"""...""",1917,Fernwärme,Anteil in %
"""...""",1917,Abfälle,In TJ
"""...""",1917,Abfälle,Anteil in %
"""...""",1917,Übrige erneuerbare Energien,In TJ
"""...""",1917,Übrige erneuerbare Energien,Anteil in %
92820,1918,Primärenergieträger - Total,In TJ
100,1918,Primärenergieträger - Total,Anteil in %
10,1918,Erdölbrennstoffe,In TJ
0.010773540185305,1918,Erdölbrennstoffe,Anteil in %
290,1918,Treibstoffe,In TJ
0.312432665373842,1918,Treibstoffe,Anteil in %
8390,1918,Elektrizität,In TJ
9.039000215470804,1918,Elektrizität,Anteil in %
1920,1918,Gas,In TJ
2.068519715578539,1918,Gas,Anteil in %
63880,1918,Kohle,In TJ
68.82137470372764,1918,Kohle,Anteil in %
18330,1918,Holz und Holzkohle,In TJ
19.74789915966387,1918,Holz und Holzkohle,Anteil in %
"""...""",1918,Fernwärme,In TJ
"""...""",1918,Fernwärme,Anteil in %
"""...""",1918,Abfälle,In TJ
"""...""",1918,Abfälle,Anteil in %
"""...""",1918,Übrige erneuerbare Energien,In TJ
"""...""",1918,Übrige erneuerbare Energien,Anteil in %
78989,1919,Primärenergieträger - Total,In TJ
100,1919,Primärenergieträger - Total,Anteil in %
49,1919,Erdölbrennstoffe,In TJ
0.062033954094874,1919,Erdölbrennstoffe,Anteil in %
590,1919,Treibstoffe,In TJ
0.746939447264809,1919,Treibstoffe,Anteil in %
8140,1919,Elektrizität,In TJ
10.30523237412804,1919,Elektrizität,Anteil in %
1850,1919,Gas,In TJ
2.342098266847283,1919,Gas,Anteil in %
48610,1919,Kohle,In TJ
61.5402144602413,1919,Kohle,Anteil in %
19750,1919,Holz und Holzkohle,In TJ
25.00348149742369,1919,Holz und Holzkohle,Anteil in %
"""...""",1919,Fernwärme,In TJ
"""...""",1919,Fernwärme,Anteil in %
"""...""",1919,Abfälle,In TJ
"""...""",1919,Abfälle,Anteil in %
"""...""",1919,Übrige erneuerbare Energien,In TJ
"""...""",1919,Übrige erneuerbare Energien,Anteil in %
93120,1920,Primärenergieträger - Total,In TJ
100,1920,Primärenergieträger - Total,Anteil in %
370,1920,Erdölbrennstoffe,In TJ
0.39733676975945,1920,Erdölbrennstoffe,Anteil in %
1490,1920,Treibstoffe,In TJ
1.600085910652921,1920,Treibstoffe,Anteil in %
7630,1920,Elektrizität,In TJ
8.19372852233677,1920,Elektrizität,Anteil in %
2000,1920,Gas,In TJ
2.147766323024055,1920,Gas,Anteil in %
64140,1920,Kohle,In TJ
68.87886597938145,1920,Kohle,Anteil in %
17490,1920,Holz und Holzkohle,In TJ
18.78221649484536,1920,Holz und Holzkohle,Anteil in %
"""...""",1920,Fernwärme,In TJ
"""...""",1920,Fernwärme,Anteil in %
"""...""",1920,Abfälle,In TJ
"""...""",1920,Abfälle,Anteil in %
"""...""",1920,Übrige erneuerbare Energien,In TJ
"""...""",1920,Übrige erneuerbare Energien,Anteil in %
75820,1921,Primärenergieträger - Total,In TJ
100,1921,Primärenergieträger - Total,Anteil in %
390,1921,Erdölbrennstoffe,In TJ
0.514376154049064,1921,Erdölbrennstoffe,Anteil in %
960,1921,Treibstoffe,In TJ
1.266156686890003,1921,Treibstoffe,Anteil in %
7200,1921,Elektrizität,In TJ
9.49617515167502,1921,Elektrizität,Anteil in %
2000,1921,Gas,In TJ
2.637826431020839,1921,Gas,Anteil in %
48510,1921,Kohle,In TJ
63.98048008441045,1921,Kohle,Anteil in %
16760,1921,Holz und Holzkohle,In TJ
22.10498549195463,1921,Holz und Holzkohle,Anteil in %
"""...""",1921,Fernwärme,In TJ
"""...""",1921,Fernwärme,Anteil in %
"""...""",1921,Abfälle,In TJ
"""...""",1921,Abfälle,Anteil in %
"""...""",1921,Übrige erneuerbare Energien,In TJ
"""...""",1921,Übrige erneuerbare Energien,Anteil in %
92080,1922,Primärenergieträger - Total,In TJ
100,1922,Primärenergieträger - Total,Anteil in %
1010,1922,Erdölbrennstoffe,In TJ
1.096872284969592,1922,Erdölbrennstoffe,Anteil in %
1640,1922,Treibstoffe,In TJ
1.781059947871416,1922,Treibstoffe,Anteil in %
7850,1922,Elektrizität,In TJ
8.525195482189401,1922,Elektrizität,Anteil in %
2110,1922,Gas,In TJ
2.291485664639444,1922,Gas,Anteil in %
60480,1922,Kohle,In TJ
65.68201563857515,1922,Kohle,Anteil in %
18990,1922,Holz und Holzkohle,In TJ
20.623370981755,1922,Holz und Holzkohle,Anteil in %
"""...""",1922,Fernwärme,In TJ
"""...""",1922,Fernwärme,Anteil in %
"""...""",1922,Abfälle,In TJ
"""...""",1922,Abfälle,Anteil in %
"""...""",1922,Übrige erneuerbare Energien,In TJ
"""...""",1922,Übrige erneuerbare Energien,Anteil in %
111260,1923,Primärenergieträger - Total,In TJ
100,1923,Primärenergieträger - Total,Anteil in %
1200,1923,Erdölbrennstoffe,In TJ
1.078554736652885,1923,Erdölbrennstoffe,Anteil in %
1870,1923,Treibstoffe,In TJ
1.680747797950746,1923,Treibstoffe,Anteil in %
8570,1923,Elektrizität,In TJ
7.702678410929354,1923,Elektrizität,Anteil in %
2260,1923,Gas,In TJ
2.031278087362934,1923,Gas,Anteil in %
75480,1923,Kohle,In TJ
67.84109293546648,1923,Kohle,Anteil in %
21880,1923,Holz und Holzkohle,In TJ
19.66564803163761,1923,Holz und Holzkohle,Anteil in %
"""...""",1923,Fernwärme,In TJ
"""...""",1923,Fernwärme,Anteil in %
"""...""",1923,Abfälle,In TJ
"""...""",1923,Abfälle,Anteil in %
"""...""",1923,Übrige erneuerbare Energien,In TJ
"""...""",1923,Übrige erneuerbare Energien,Anteil in %
106810,1924,Primärenergieträger - Total,In TJ
100,1924,Primärenergieträger - Total,Anteil in %
1520,1924,Erdölbrennstoffe,In TJ
1.423087725868364,1924,Erdölbrennstoffe,Anteil in %
2000,1924,Treibstoffe,In TJ
1.872483849826795,1924,Treibstoffe,Anteil in %
9760,1924,Elektrizität,In TJ
9.13772118715476,1924,Elektrizität,Anteil in %
2400,1924,Gas,In TJ
2.246980619792154,1924,Gas,Anteil in %
70060,1924,Kohle,In TJ
65.59310925943264,1924,Kohle,Anteil in %
21070,1924,Holz und Holzkohle,In TJ
19.72661735792529,1924,Holz und Holzkohle,Anteil in %
"""...""",1924,Fernwärme,In TJ
"""...""",1924,Fernwärme,Anteil in %
"""...""",1924,Abfälle,In TJ
"""...""",1924,Abfälle,Anteil in %
"""...""",1924,Übrige erneuerbare Energien,In TJ
"""...""",1924,Übrige erneuerbare Energien,Anteil in %
109960,1925,Primärenergieträger - Total,In TJ
100,1925,Primärenergieträger - Total,Anteil in %
1560,1925,Erdölbrennstoffe,In TJ
1.418697708257548,1925,Erdölbrennstoffe,Anteil in %
2920,1925,Treibstoffe,In TJ
2.655511094943616,1925,Treibstoffe,Anteil in %
10330,1925,Elektrizität,In TJ
9.39432520916697,1925,Elektrizität,Anteil in %
2570,1925,Gas,In TJ
2.337213532193525,1925,Gas,Anteil in %
72650,1925,Kohle,In TJ
66.06947981084031,1925,Kohle,Anteil in %
19930,1925,Holz und Holzkohle,In TJ
18.12477264459804,1925,Holz und Holzkohle,Anteil in %
"""...""",1925,Fernwärme,In TJ
"""...""",1925,Fernwärme,Anteil in %
"""...""",1925,Abfälle,In TJ
"""...""",1925,Abfälle,Anteil in %
"""...""",1925,Übrige erneuerbare Energien,In TJ
"""...""",1925,Übrige erneuerbare Energien,Anteil in %
110530,1926,Primärenergieträger - Total,In TJ
100,1926,Primärenergieträger - Total,Anteil in %
1760,1926,Erdölbrennstoffe,In TJ
1.592327874785126,1926,Erdölbrennstoffe,Anteil in %
3190,1926,Treibstoffe,In TJ
2.886094273048041,1926,Treibstoffe,Anteil in %
10870,1926,Elektrizität,In TJ
9.834434090292229,1926,Elektrizität,Anteil in %
2720,1926,Gas,In TJ
2.460870351940649,1926,Gas,Anteil in %
71980,1926,Kohle,In TJ
65.12259115172351,1926,Kohle,Anteil in %
20010,1926,Holz und Holzkohle,In TJ
18.10368225821044,1926,Holz und Holzkohle,Anteil in %
"""...""",1926,Fernwärme,In TJ
"""...""",1926,Fernwärme,Anteil in %
"""...""",1926,Abfälle,In TJ
"""...""",1926,Abfälle,Anteil in %
"""...""",1926,Übrige erneuerbare Energien,In TJ
"""...""",1926,Übrige erneuerbare Energien,Anteil in %
121120,1927,Primärenergieträger - Total,In TJ
100,1927,Primärenergieträger - Total,Anteil in %
2010,1927,Erdölbrennstoffe,In TJ
1.659511228533686,1927,Erdölbrennstoffe,Anteil in %
3980,1927,Treibstoffe,In TJ
3.285997357992074,1927,Treibstoffe,Anteil in %
11560,1927,Elektrizität,In TJ
9.544253632760899,1927,Elektrizität,Anteil in %
2900,1927,Gas,In TJ
2.394319682959049,1927,Gas,Anteil in %
81560,1927,Kohle,In TJ
67.33817701453104,1927,Kohle,Anteil in %
19110,1927,Holz und Holzkohle,In TJ
15.77774108322325,1927,Holz und Holzkohle,Anteil in %
"""...""",1927,Fernwärme,In TJ
"""...""",1927,Fernwärme,Anteil in %
"""...""",1927,Abfälle,In TJ
"""...""",1927,Abfälle,Anteil in %
"""...""",1927,Übrige erneuerbare Energien,In TJ
"""...""",1927,Übrige erneuerbare Energien,Anteil in %
122790,1928,Primärenergieträger - Total,In TJ
100,1928,Primärenergieträger - Total,Anteil in %
2370,1928,Erdölbrennstoffe,In TJ
1.930124602980699,1928,Erdölbrennstoffe,Anteil in %
4950,1928,Treibstoffe,In TJ
4.031272904959687,1928,Treibstoffe,Anteil in %
12240,1928,Elektrizität,In TJ
9.968238455900318,1928,Elektrizität,Anteil in %
3100,1928,Gas,In TJ
2.524635556641421,1928,Gas,Anteil in %
80710,1928,Kohle,In TJ
65.73010831500936,1928,Kohle,Anteil in %
19420,1928,Holz und Holzkohle,In TJ
15.81562016450851,1928,Holz und Holzkohle,Anteil in %
"""...""",1928,Fernwärme,In TJ
"""...""",1928,Fernwärme,Anteil in %
"""...""",1928,Abfälle,In TJ
"""...""",1928,Abfälle,Anteil in %
"""...""",1928,Übrige erneuerbare Energien,In TJ
"""...""",1928,Übrige erneuerbare Energien,Anteil in %
139290,1929,Primärenergieträger - Total,In TJ
100,1929,Primärenergieträger - Total,Anteil in %
2980,1929,Erdölbrennstoffe,In TJ
2.139421351137914,1929,Erdölbrennstoffe,Anteil in %
5860,1929,Treibstoffe,In TJ
4.207050039485965,1929,Treibstoffe,Anteil in %
13050,1929,Elektrizität,In TJ
9.368942494077105,1929,Elektrizität,Anteil in %
3330,1929,Gas,In TJ
2.390695670902434,1929,Gas,Anteil in %
94010,1929,Kohle,In TJ
67.49228228875009,1929,Kohle,Anteil in %
20060,1929,Holz und Holzkohle,In TJ
14.40160815564649,1929,Holz und Holzkohle,Anteil in %
"""...""",1929,Fernwärme,In TJ
"""...""",1929,Fernwärme,Anteil in %
"""...""",1929,Abfälle,In TJ
"""...""",1929,Abfälle,Anteil in %
"""...""",1929,Übrige erneuerbare Energien,In TJ
"""...""",1929,Übrige erneuerbare Energien,Anteil in %
130480,1930,Primärenergieträger - Total,In TJ
100,1930,Primärenergieträger - Total,Anteil in %
3310,1930,Erdölbrennstoffe,In TJ
2.536787247087676,1930,Erdölbrennstoffe,Anteil in %
6690,1930,Treibstoffe,In TJ
5.127222562844881,1930,Treibstoffe,Anteil in %
12830,1930,Elektrizität,In TJ
9.83292458614347,1930,Elektrizität,Anteil in %
3470,1930,Gas,In TJ
2.659411404046597,1930,Gas,Anteil in %
84870,1930,Kohle,In TJ
65.0444512568976,1930,Kohle,Anteil in %
19310,1930,Holz und Holzkohle,In TJ
14.79920294297977,1930,Holz und Holzkohle,Anteil in %
"""...""",1930,Fernwärme,In TJ
"""...""",1930,Fernwärme,Anteil in %
"""...""",1930,Abfälle,In TJ
"""...""",1930,Abfälle,Anteil in %
"""...""",1930,Übrige erneuerbare Energien,In TJ
"""...""",1930,Übrige erneuerbare Energien,Anteil in %
135000,1931,Primärenergieträger - Total,In TJ
100,1931,Primärenergieträger - Total,Anteil in %
3880,1931,Erdölbrennstoffe,In TJ
2.874074074074074,1931,Erdölbrennstoffe,Anteil in %
7730,1931,Treibstoffe,In TJ
5.725925925925926,1931,Treibstoffe,Anteil in %
12070,1931,Elektrizität,In TJ
8.940740740740742,1931,Elektrizität,Anteil in %
3640,1931,Gas,In TJ
2.696296296296296,1931,Gas,Anteil in %
87290,1931,Kohle,In TJ
64.65925925925926,1931,Kohle,Anteil in %
20390,1931,Holz und Holzkohle,In TJ
15.10370370370371,1931,Holz und Holzkohle,Anteil in %
"""...""",1931,Fernwärme,In TJ
"""...""",1931,Fernwärme,Anteil in %
"""...""",1931,Abfälle,In TJ
"""...""",1931,Abfälle,Anteil in %
"""...""",1931,Übrige erneuerbare Energien,In TJ
"""...""",1931,Übrige erneuerbare Energien,Anteil in %
134630,1932,Primärenergieträger - Total,In TJ
100,1932,Primärenergieträger - Total,Anteil in %
5170,1932,Erdölbrennstoffe,In TJ
3.840154497511699,1932,Erdölbrennstoffe,Anteil in %
8770,1932,Treibstoffe,In TJ
6.514149892297408,1932,Treibstoffe,Anteil in %
11550,1932,Elektrizität,In TJ
8.579068558270816,1932,Elektrizität,Anteil in %
3800,1932,Gas,In TJ
2.822550694496026,1932,Gas,Anteil in %
86080,1932,Kohle,In TJ
63.93820099532051,1932,Kohle,Anteil in %
19260,1932,Holz und Holzkohle,In TJ
14.30587536210354,1932,Holz und Holzkohle,Anteil in %
"""...""",1932,Fernwärme,In TJ
"""...""",1932,Fernwärme,Anteil in %
"""...""",1932,Abfälle,In TJ
"""...""",1932,Abfälle,Anteil in %
"""...""",1932,Übrige erneuerbare Energien,In TJ
"""...""",1932,Übrige erneuerbare Energien,Anteil in %
131020,1933,Primärenergieträger - Total,In TJ
100,1933,Primärenergieträger - Total,Anteil in %
6070,1933,Erdölbrennstoffe,In TJ
4.632880476263166,1933,Erdölbrennstoffe,Anteil in %
8470,1933,Treibstoffe,In TJ
6.464661883681881,1933,Treibstoffe,Anteil in %
12270,1933,Elektrizität,In TJ
9.364982445428179,1933,Elektrizität,Anteil in %
3820,1933,Gas,In TJ
2.915585406808121,1933,Gas,Anteil in %
81390,1933,Kohle,In TJ
62.12028697908716,1933,Kohle,Anteil in %
19000,1933,Holz und Holzkohle,In TJ
14.50160280873149,1933,Holz und Holzkohle,Anteil in %
"""...""",1933,Fernwärme,In TJ
"""...""",1933,Fernwärme,Anteil in %
"""...""",1933,Abfälle,In TJ
"""...""",1933,Abfälle,Anteil in %
"""...""",1933,Übrige erneuerbare Energien,In TJ
"""...""",1933,Übrige erneuerbare Energien,Anteil in %
132650,1934,Primärenergieträger - Total,In TJ
100,1934,Primärenergieträger - Total,Anteil in %
6430,1934,Erdölbrennstoffe,In TJ
4.847342630983792,1934,Erdölbrennstoffe,Anteil in %
9510,1934,Treibstoffe,In TJ
7.169242367131549,1934,Treibstoffe,Anteil in %
12800,1934,Elektrizität,In TJ
9.649453448925744,1934,Elektrizität,Anteil in %
3880,1934,Gas,In TJ
2.924990576705616,1934,Gas,Anteil in %
80970,1934,Kohle,In TJ
61.04033169996231,1934,Kohle,Anteil in %
19060,1934,Holz und Holzkohle,In TJ
14.36863927629099,1934,Holz und Holzkohle,Anteil in %
"""...""",1934,Fernwärme,In TJ
"""...""",1934,Fernwärme,Anteil in %
"""...""",1934,Abfälle,In TJ
"""...""",1934,Abfälle,Anteil in %
"""...""",1934,Übrige erneuerbare Energien,In TJ
"""...""",1934,Übrige erneuerbare Energien,Anteil in %
133080,1935,Primärenergieträger - Total,In TJ
100,1935,Primärenergieträger - Total,Anteil in %
6760,1935,Erdölbrennstoffe,In TJ
5.079651337541328,1935,Erdölbrennstoffe,Anteil in %
9290,1935,Treibstoffe,In TJ
6.980763450556056,1935,Treibstoffe,Anteil in %
13530,1935,Elektrizität,In TJ
10.1668169522092,1935,Elektrizität,Anteil in %
3870,1935,Gas,In TJ
2.908025247971145,1935,Gas,Anteil in %
79800,1935,Kohle,In TJ
59.96393146979261,1935,Kohle,Anteil in %
19830,1935,Holz und Holzkohle,In TJ
14.90081154192967,1935,Holz und Holzkohle,Anteil in %
"""...""",1935,Fernwärme,In TJ
"""...""",1935,Fernwärme,Anteil in %
"""...""",1935,Abfälle,In TJ
"""...""",1935,Abfälle,Anteil in %
"""...""",1935,Übrige erneuerbare Energien,In TJ
"""...""",1935,Übrige erneuerbare Energien,Anteil in %
133930,1936,Primärenergieträger - Total,In TJ
100,1936,Primärenergieträger - Total,Anteil in %
6970,1936,Erdölbrennstoffe,In TJ
5.204211155081013,1936,Erdölbrennstoffe,Anteil in %
8520,1936,Treibstoffe,In TJ
6.361532143657135,1936,Treibstoffe,Anteil in %
14460,1936,Elektrizität,In TJ
10.79668483536176,1936,Elektrizität,Anteil in %
3850,1936,Gas,In TJ
2.874636003882625,1936,Gas,Anteil in %
82030,1936,Kohle,In TJ
61.2484133502576,1936,Kohle,Anteil in %
18100,1936,Holz und Holzkohle,In TJ
13.51452251175988,1936,Holz und Holzkohle,Anteil in %
"""...""",1936,Fernwärme,In TJ
"""...""",1936,Fernwärme,Anteil in %
"""...""",1936,Abfälle,In TJ
"""...""",1936,Abfälle,Anteil in %
"""...""",1936,Übrige erneuerbare Energien,In TJ
"""...""",1936,Übrige erneuerbare Energien,Anteil in %
139230,1937,Primärenergieträger - Total,In TJ
100,1937,Primärenergieträger - Total,Anteil in %
6450,1937,Erdölbrennstoffe,In TJ
4.632622279681104,1937,Erdölbrennstoffe,Anteil in %
8660,1937,Treibstoffe,In TJ
6.219923866982691,1937,Treibstoffe,Anteil in %
16960,1937,Elektrizität,In TJ
12.18128276951806,1937,Elektrizität,Anteil in %
3920,1937,Gas,In TJ
2.815485168426345,1937,Gas,Anteil in %
85220,1937,Kohle,In TJ
61.20807297277886,1937,Kohle,Anteil in %
18020,1937,Holz und Holzkohle,In TJ
12.94261294261294,1937,Holz und Holzkohle,Anteil in %
"""...""",1937,Fernwärme,In TJ
"""...""",1937,Fernwärme,Anteil in %
"""...""",1937,Abfälle,In TJ
"""...""",1937,Abfälle,Anteil in %
"""...""",1937,Übrige erneuerbare Energien,In TJ
"""...""",1937,Übrige erneuerbare Energien,Anteil in %
139980,1938,Primärenergieträger - Total,In TJ
100,1938,Primärenergieträger - Total,Anteil in %
6770,1938,Erdölbrennstoffe,In TJ
4.836405200742964,1938,Erdölbrennstoffe,Anteil in %
9150,1938,Treibstoffe,In TJ
6.536648092584655,1938,Treibstoffe,Anteil in %
16900,1938,Elektrizität,In TJ
12.07315330761537,1938,Elektrizität,Anteil in %
4020,1938,Gas,In TJ
2.87183883411916,1938,Gas,Anteil in %
85190,1938,Kohle,In TJ
60.85869409915702,1938,Kohle,Anteil in %
17950,1938,Holz und Holzkohle,In TJ
12.82326046578083,1938,Holz und Holzkohle,Anteil in %
"""...""",1938,Fernwärme,In TJ
"""...""",1938,Fernwärme,Anteil in %
"""...""",1938,Abfälle,In TJ
"""...""",1938,Abfälle,Anteil in %
"""...""",1938,Übrige erneuerbare Energien,In TJ
"""...""",1938,Übrige erneuerbare Energien,Anteil in %
143360,1939,Primärenergieträger - Total,In TJ
100,1939,Primärenergieträger - Total,Anteil in %
7700,1939,Erdölbrennstoffe,In TJ
5.37109375,1939,Erdölbrennstoffe,Anteil in %
8640,1939,Treibstoffe,In TJ
6.026785714285714,1939,Treibstoffe,Anteil in %
18390,1939,Elektrizität,In TJ
12.82784598214286,1939,Elektrizität,Anteil in %
4020,1939,Gas,In TJ
2.804129464285714,1939,Gas,Anteil in %
86450,1939,Kohle,In TJ
60.302734375,1939,Kohle,Anteil in %
18160,1939,Holz und Holzkohle,In TJ
12.66741071428571,1939,Holz und Holzkohle,Anteil in %
"""...""",1939,Fernwärme,In TJ
"""...""",1939,Fernwärme,Anteil in %
"""...""",1939,Abfälle,In TJ
"""...""",1939,Abfälle,Anteil in %
"""...""",1939,Übrige erneuerbare Energien,In TJ
"""...""",1939,Übrige erneuerbare Energien,Anteil in %
128050,1940,Primärenergieträger - Total,In TJ
100,1940,Primärenergieträger - Total,Anteil in %
4800,1940,Erdölbrennstoffe,In TJ
3.74853572823116,1940,Erdölbrennstoffe,Anteil in %
5760,1940,Treibstoffe,In TJ
4.498242873877392,1940,Treibstoffe,Anteil in %
19630,1940,Elektrizität,In TJ
15.32994923857868,1940,Elektrizität,Anteil in %
4240,1940,Gas,In TJ
3.311206559937524,1940,Gas,Anteil in %
70500,1940,Kohle,In TJ
55.05661850839516,1940,Kohle,Anteil in %
23120,1940,Holz und Holzkohle,In TJ
18.05544709098009,1940,Holz und Holzkohle,Anteil in %
"""...""",1940,Fernwärme,In TJ
"""...""",1940,Fernwärme,Anteil in %
"""...""",1940,Abfälle,In TJ
"""...""",1940,Abfälle,Anteil in %
"""...""",1940,Übrige erneuerbare Energien,In TJ
"""...""",1940,Übrige erneuerbare Energien,Anteil in %
121870,1941,Primärenergieträger - Total,In TJ
100,1941,Primärenergieträger - Total,Anteil in %
1940,1941,Erdölbrennstoffe,In TJ
1.591860178879134,1941,Erdölbrennstoffe,Anteil in %
2140,1941,Treibstoffe,In TJ
1.755969475670797,1941,Treibstoffe,Anteil in %
20570,1941,Elektrizität,In TJ
16.87864117502257,1941,Elektrizität,Anteil in %
3490,1941,Gas,In TJ
2.863707229014524,1941,Gas,Anteil in %
62460,1941,Kohle,In TJ
51.25133338803644,1941,Kohle,Anteil in %
31270,1941,Holz und Holzkohle,In TJ
25.65848855337655,1941,Holz und Holzkohle,Anteil in %
"""...""",1941,Fernwärme,In TJ
"""...""",1941,Fernwärme,Anteil in %
"""...""",1941,Abfälle,In TJ
"""...""",1941,Abfälle,Anteil in %
"""...""",1941,Übrige erneuerbare Energien,In TJ
"""...""",1941,Übrige erneuerbare Energien,Anteil in %
116160,1942,Primärenergieträger - Total,In TJ
100,1942,Primärenergieträger - Total,Anteil in %
1510,1942,Erdölbrennstoffe,In TJ
1.299931129476584,1942,Erdölbrennstoffe,Anteil in %
1480,1942,Treibstoffe,In TJ
1.274104683195592,1942,Treibstoffe,Anteil in %
20490,1942,Elektrizität,In TJ
17.63946280991735,1942,Elektrizität,Anteil in %
3390,1942,Gas,In TJ
2.918388429752066,1942,Gas,Anteil in %
58460,1942,Kohle,In TJ
50.32713498622589,1942,Kohle,Anteil in %
30830,1942,Holz und Holzkohle,In TJ
26.54097796143251,1942,Holz und Holzkohle,Anteil in %
"""...""",1942,Fernwärme,In TJ
"""...""",1942,Fernwärme,Anteil in %
"""...""",1942,Abfälle,In TJ
"""...""",1942,Abfälle,Anteil in %
"""...""",1942,Übrige erneuerbare Energien,In TJ
"""...""",1942,Übrige erneuerbare Energien,Anteil in %
111410,1943,Primärenergieträger - Total,In TJ
100,1943,Primärenergieträger - Total,Anteil in %
1320,1943,Erdölbrennstoffe,In TJ
1.184812853424289,1943,Erdölbrennstoffe,Anteil in %
1280,1943,Treibstoffe,In TJ
1.148909433623553,1943,Treibstoffe,Anteil in %
22450,1943,Elektrizität,In TJ
20.15079436316309,1943,Elektrizität,Anteil in %
3350,1943,Gas,In TJ
3.006911408311642,1943,Gas,Anteil in %
51740,1943,Kohle,In TJ
46.44107351225204,1943,Kohle,Anteil in %
31270,1943,Holz und Holzkohle,In TJ
28.06749842922539,1943,Holz und Holzkohle,Anteil in %
"""...""",1943,Fernwärme,In TJ
"""...""",1943,Fernwärme,Anteil in %
"""...""",1943,Abfälle,In TJ
"""...""",1943,Abfälle,Anteil in %
"""...""",1943,Übrige erneuerbare Energien,In TJ
"""...""",1943,Übrige erneuerbare Energien,Anteil in %
101420,1944,Primärenergieträger - Total,In TJ
100,1944,Primärenergieträger - Total,Anteil in %
650,1944,Erdölbrennstoffe,In TJ
0.640899230920923,1944,Erdölbrennstoffe,Anteil in %
1510,1944,Treibstoffe,In TJ
1.488858213370144,1944,Treibstoffe,Anteil in %
24200,1944,Elektrizität,In TJ
23.86117136659436,1944,Elektrizität,Anteil in %
3480,1944,Gas,In TJ
3.431275882468941,1944,Gas,Anteil in %
41320,1944,Kohle,In TJ
40.74147111023467,1944,Kohle,Anteil in %
30260,1944,Holz und Holzkohle,In TJ
29.83632419641096,1944,Holz und Holzkohle,Anteil in %
"""...""",1944,Fernwärme,In TJ
"""...""",1944,Fernwärme,Anteil in %
"""...""",1944,Abfälle,In TJ
"""...""",1944,Abfälle,Anteil in %
"""...""",1944,Übrige erneuerbare Energien,In TJ
"""...""",1944,Übrige erneuerbare Energien,Anteil in %
106670,1945,Primärenergieträger - Total,In TJ
100,1945,Primärenergieträger - Total,Anteil in %
670,1945,Erdölbrennstoffe,In TJ
0.628105371707134,1945,Erdölbrennstoffe,Anteil in %
480,1945,Treibstoffe,In TJ
0.449985937939439,1945,Treibstoffe,Anteil in %
27550,1945,Elektrizität,In TJ
25.82731789631574,1945,Elektrizität,Anteil in %
2430,1945,Gas,In TJ
2.278053810818412,1945,Gas,Anteil in %
42620,1945,Kohle,In TJ
39.95500140620606,1945,Kohle,Anteil in %
32920,1945,Holz und Holzkohle,In TJ
30.86153557701322,1945,Holz und Holzkohle,Anteil in %
"""...""",1945,Fernwärme,In TJ
"""...""",1945,Fernwärme,Anteil in %
"""...""",1945,Abfälle,In TJ
"""...""",1945,Abfälle,Anteil in %
"""...""",1945,Übrige erneuerbare Energien,In TJ
"""...""",1945,Übrige erneuerbare Energien,Anteil in %
126630,1946,Primärenergieträger - Total,In TJ
100,1946,Primärenergieträger - Total,Anteil in %
8690,1946,Erdölbrennstoffe,In TJ
6.862512832662087,1946,Erdölbrennstoffe,Anteil in %
6300,1946,Treibstoffe,In TJ
4.975124378109452,1946,Treibstoffe,Anteil in %
29650,1946,Elektrizität,In TJ
23.41467266840401,1946,Elektrizität,Anteil in %
2820,1946,Gas,In TJ
2.22696043591566,1946,Gas,Anteil in %
44940,1946,Kohle,In TJ
35.48922056384743,1946,Kohle,Anteil in %
34230,1946,Holz und Holzkohle,In TJ
27.03150912106136,1946,Holz und Holzkohle,Anteil in %
"""...""",1946,Fernwärme,In TJ
"""...""",1946,Fernwärme,Anteil in %
"""...""",1946,Abfälle,In TJ
"""...""",1946,Abfälle,Anteil in %
"""...""",1946,Übrige erneuerbare Energien,In TJ
"""...""",1946,Übrige erneuerbare Energien,Anteil in %
138670,1947,Primärenergieträger - Total,In TJ
100,1947,Primärenergieträger - Total,Anteil in %
17450,1947,Erdölbrennstoffe,In TJ
12.58383211942021,1947,Erdölbrennstoffe,Anteil in %
10910,1947,Treibstoffe,In TJ
7.86759933655441,1947,Treibstoffe,Anteil in %
28220,1947,Elektrizität,In TJ
20.3504723444148,1947,Elektrizität,Anteil in %
3300,1947,Gas,In TJ
2.379750486767145,1947,Gas,Anteil in %
56480,1947,Kohle,In TJ
40.72979014927526,1947,Kohle,Anteil in %
22310,1947,Holz und Holzkohle,In TJ
16.08855556356818,1947,Holz und Holzkohle,Anteil in %
"""...""",1947,Fernwärme,In TJ
"""...""",1947,Fernwärme,Anteil in %
"""...""",1947,Abfälle,In TJ
"""...""",1947,Abfälle,Anteil in %
"""...""",1947,Übrige erneuerbare Energien,In TJ
"""...""",1947,Übrige erneuerbare Energien,Anteil in %
147990,1948,Primärenergieträger - Total,In TJ
100,1948,Primärenergieträger - Total,Anteil in %
16060,1948,Erdölbrennstoffe,In TJ
10.85208460031083,1948,Erdölbrennstoffe,Anteil in %
13630,1948,Treibstoffe,In TJ
9.210081762281236,1948,Treibstoffe,Anteil in %
31950,1948,Elektrizität,In TJ
21.58929657409285,1948,Elektrizität,Anteil in %
3650,1948,Gas,In TJ
2.466382863707007,1948,Gas,Anteil in %
59670,1948,Kohle,In TJ
40.32029191161565,1948,Kohle,Anteil in %
23030,1948,Holz und Holzkohle,In TJ
15.56186228799243,1948,Holz und Holzkohle,Anteil in %
"""...""",1948,Fernwärme,In TJ
"""...""",1948,Fernwärme,Anteil in %
"""...""",1948,Abfälle,In TJ
"""...""",1948,Abfälle,Anteil in %
"""...""",1948,Übrige erneuerbare Energien,In TJ
"""...""",1948,Übrige erneuerbare Energien,Anteil in %
145810,1949,Primärenergieträger - Total,In TJ
100,1949,Primärenergieträger - Total,Anteil in %
19360,1949,Erdölbrennstoffe,In TJ
13.27755297990536,1949,Erdölbrennstoffe,Anteil in %
13870,1949,Treibstoffe,In TJ
9.512379123516906,1949,Treibstoffe,Anteil in %
28330,1949,Elektrizität,In TJ
19.4293944173925,1949,Elektrizität,Anteil in %
3740,1949,Gas,In TJ
2.564981825663535,1949,Gas,Anteil in %
59780,1949,Kohle,In TJ
40.99855976956313,1949,Kohle,Anteil in %
20730,1949,Holz und Holzkohle,In TJ
14.21713188395858,1949,Holz und Holzkohle,Anteil in %
"""...""",1949,Fernwärme,In TJ
"""...""",1949,Fernwärme,Anteil in %
"""...""",1949,Abfälle,In TJ
"""...""",1949,Abfälle,Anteil in %
"""...""",1949,Übrige erneuerbare Energien,In TJ
"""...""",1949,Übrige erneuerbare Energien,Anteil in %
167700,1950,Primärenergieträger - Total,In TJ
100,1950,Primärenergieträger - Total,Anteil in %
23670,1950,Erdölbrennstoffe,In TJ
14.11449016100179,1950,Erdölbrennstoffe,Anteil in %
19070,1950,Treibstoffe,In TJ
11.37149672033393,1950,Treibstoffe,Anteil in %
31780,1950,Elektrizität,In TJ
18.9505068574836,1950,Elektrizität,Anteil in %
3770,1950,Gas,In TJ
2.248062015503876,1950,Gas,Anteil in %
67690,1950,Kohle,In TJ
40.36374478234944,1950,Kohle,Anteil in %
21720,1950,Holz und Holzkohle,In TJ
12.95169946332737,1950,Holz und Holzkohle,Anteil in %
"""...""",1950,Fernwärme,In TJ
"""...""",1950,Fernwärme,Anteil in %
"""...""",1950,Abfälle,In TJ
"""...""",1950,Abfälle,Anteil in %
"""...""",1950,Übrige erneuerbare Energien,In TJ
"""...""",1950,Übrige erneuerbare Energien,Anteil in %
179280,1951,Primärenergieträger - Total,In TJ
100,1951,Primärenergieträger - Total,Anteil in %
26470,1951,Erdölbrennstoffe,In TJ
14.76461401160196,1951,Erdölbrennstoffe,Anteil in %
19860,1951,Treibstoffe,In TJ
11.07764390896921,1951,Treibstoffe,Anteil in %
36780,1951,Elektrizität,In TJ
20.51539491298528,1951,Elektrizität,Anteil in %
3870,1951,Gas,In TJ
2.158634538152611,1951,Gas,Anteil in %
70750,1951,Kohle,In TJ
39.46340919232485,1951,Kohle,Anteil in %
21550,1951,Holz und Holzkohle,In TJ
12.02030343596609,1951,Holz und Holzkohle,Anteil in %
"""...""",1951,Fernwärme,In TJ
"""...""",1951,Fernwärme,Anteil in %
"""...""",1951,Abfälle,In TJ
"""...""",1951,Abfälle,Anteil in %
"""...""",1951,Übrige erneuerbare Energien,In TJ
"""...""",1951,Übrige erneuerbare Energien,Anteil in %
187540,1952,Primärenergieträger - Total,In TJ
100,1952,Primärenergieträger - Total,Anteil in %
27580,1952,Erdölbrennstoffe,In TJ
14.70619601151754,1952,Erdölbrennstoffe,Anteil in %
22820,1952,Treibstoffe,In TJ
12.1680708115602,1952,Treibstoffe,Anteil in %
37770,1952,Elektrizität,In TJ
20.13970352991362,1952,Elektrizität,Anteil in %
3930,1952,Gas,In TJ
2.095552948704277,1952,Gas,Anteil in %
74120,1952,Kohle,In TJ
39.52223525647862,1952,Kohle,Anteil in %
21320,1952,Holz und Holzkohle,In TJ
11.36824144182574,1952,Holz und Holzkohle,Anteil in %
"""...""",1952,Fernwärme,In TJ
"""...""",1952,Fernwärme,Anteil in %
"""...""",1952,Abfälle,In TJ
"""...""",1952,Abfälle,Anteil in %
"""...""",1952,Übrige erneuerbare Energien,In TJ
"""...""",1952,Übrige erneuerbare Energien,Anteil in %
179560,1953,Primärenergieträger - Total,In TJ
100,1953,Primärenergieträger - Total,Anteil in %
30410,1953,Erdölbrennstoffe,In TJ
16.93584317219871,1953,Erdölbrennstoffe,Anteil in %
24480,1953,Treibstoffe,In TJ
13.63332590777456,1953,Treibstoffe,Anteil in %
39200,1953,Elektrizität,In TJ
21.83114279349521,1953,Elektrizität,Anteil in %
3970,1953,Gas,In TJ
2.210960124749387,1953,Gas,Anteil in %
61560,1953,Kohle,In TJ
34.28380485631544,1953,Kohle,Anteil in %
19940,1953,Holz und Holzkohle,In TJ
11.1049231454667,1953,Holz und Holzkohle,Anteil in %
"""...""",1953,Fernwärme,In TJ
"""...""",1953,Fernwärme,Anteil in %
"""...""",1953,Abfälle,In TJ
"""...""",1953,Abfälle,Anteil in %
"""...""",1953,Übrige erneuerbare Energien,In TJ
"""...""",1953,Übrige erneuerbare Energien,Anteil in %
202150,1954,Primärenergieträger - Total,In TJ
100,1954,Primärenergieträger - Total,Anteil in %
40680,1954,Erdölbrennstoffe,In TJ
20.12367054167697,1954,Erdölbrennstoffe,Anteil in %
26590,1954,Treibstoffe,In TJ
13.1535988127628,1954,Treibstoffe,Anteil in %
40560,1954,Elektrizität,In TJ
20.06430868167202,1954,Elektrizität,Anteil in %
4050,1954,Gas,In TJ
2.003462775166955,1954,Gas,Anteil in %
71990,1954,Kohle,In TJ
35.61216918130101,1954,Kohle,Anteil in %
18280,1954,Holz und Holzkohle,In TJ
9.042790007420232,1954,Holz und Holzkohle,Anteil in %
"""...""",1954,Fernwärme,In TJ
"""...""",1954,Fernwärme,Anteil in %
"""...""",1954,Abfälle,In TJ
"""...""",1954,Abfälle,Anteil in %
"""...""",1954,Übrige erneuerbare Energien,In TJ
"""...""",1954,Übrige erneuerbare Energien,Anteil in %
220700,1955,Primärenergieträger - Total,In TJ
100,1955,Primärenergieträger - Total,Anteil in %
47690,1955,Erdölbrennstoffe,In TJ
21.60851835070231,1955,Erdölbrennstoffe,Anteil in %
30750,1955,Treibstoffe,In TJ
13.93294064340734,1955,Treibstoffe,Anteil in %
44780,1955,Elektrizität,In TJ
20.28998640688718,1955,Elektrizität,Anteil in %
4030,1955,Gas,In TJ
1.826008155867694,1955,Gas,Anteil in %
75330,1955,Kohle,In TJ
34.13230629814228,1955,Kohle,Anteil in %
18120,1955,Holz und Holzkohle,In TJ
8.210240144993204,1955,Holz und Holzkohle,Anteil in %
"""...""",1955,Fernwärme,In TJ
"""...""",1955,Fernwärme,Anteil in %
"""...""",1955,Abfälle,In TJ
"""...""",1955,Abfälle,Anteil in %
"""...""",1955,Übrige erneuerbare Energien,In TJ
"""...""",1955,Übrige erneuerbare Energien,Anteil in %
249910,1956,Primärenergieträger - Total,In TJ
100,1956,Primärenergieträger - Total,Anteil in %
64000,1956,Erdölbrennstoffe,In TJ
25.60921931895483,1956,Erdölbrennstoffe,Anteil in %
37070,1956,Treibstoffe,In TJ
14.83334000240087,1956,Treibstoffe,Anteil in %
46120,1956,Elektrizität,In TJ
18.45464367172182,1956,Elektrizität,Anteil in %
4190,1956,Gas,In TJ
1.676603577287824,1956,Gas,Anteil in %
81280,1956,Kohle,In TJ
32.52370853507263,1956,Kohle,Anteil in %
17250,1956,Holz und Holzkohle,In TJ
6.902484894562043,1956,Holz und Holzkohle,Anteil in %
"""...""",1956,Fernwärme,In TJ
"""...""",1956,Fernwärme,Anteil in %
"""...""",1956,Abfälle,In TJ
"""...""",1956,Abfälle,Anteil in %
"""...""",1956,Übrige erneuerbare Energien,In TJ
"""...""",1956,Übrige erneuerbare Energien,Anteil in %
245280,1957,Primärenergieträger - Total,In TJ
100,1957,Primärenergieträger - Total,Anteil in %
62490,1957,Erdölbrennstoffe,In TJ
25.47700587084149,1957,Erdölbrennstoffe,Anteil in %
37800,1957,Treibstoffe,In TJ
15.41095890410959,1957,Treibstoffe,Anteil in %
48120,1957,Elektrizität,In TJ
19.61839530332681,1957,Elektrizität,Anteil in %
4130,1957,Gas,In TJ
1.6837899543379,1957,Gas,Anteil in %
74920,1957,Kohle,In TJ
30.54468362687541,1957,Kohle,Anteil in %
17820,1957,Holz und Holzkohle,In TJ
7.265166340508806,1957,Holz und Holzkohle,Anteil in %
"""...""",1957,Fernwärme,In TJ
"""...""",1957,Fernwärme,Anteil in %
"""...""",1957,Abfälle,In TJ
"""...""",1957,Abfälle,Anteil in %
"""...""",1957,Übrige erneuerbare Energien,In TJ
"""...""",1957,Übrige erneuerbare Energien,Anteil in %
256070,1958,Primärenergieträger - Total,In TJ
100,1958,Primärenergieträger - Total,Anteil in %
74750,1958,Erdölbrennstoffe,In TJ
29.19123677119538,1958,Erdölbrennstoffe,Anteil in %
43180,1958,Treibstoffe,In TJ
16.86257663920022,1958,Treibstoffe,Anteil in %
50120,1958,Elektrizität,In TJ
19.57277306986371,1958,Elektrizität,Anteil in %
4100,1958,Gas,In TJ
1.601124692466904,1958,Gas,Anteil in %
67360,1958,Kohle,In TJ
26.3053071425782,1958,Kohle,Anteil in %
16560,1958,Holz und Holzkohle,In TJ
6.466981684695591,1958,Holz und Holzkohle,Anteil in %
"""...""",1958,Fernwärme,In TJ
"""...""",1958,Fernwärme,Anteil in %
"""...""",1958,Abfälle,In TJ
"""...""",1958,Abfälle,Anteil in %
"""...""",1958,Übrige erneuerbare Energien,In TJ
"""...""",1958,Übrige erneuerbare Energien,Anteil in %
265440,1959,Primärenergieträger - Total,In TJ
100,1959,Primärenergieträger - Total,Anteil in %
77190,1959,Erdölbrennstoffe,In TJ
29.08001808318264,1959,Erdölbrennstoffe,Anteil in %
48790,1959,Treibstoffe,In TJ
18.38080168776371,1959,Treibstoffe,Anteil in %
51780,1959,Elektrizität,In TJ
19.50723327305606,1959,Elektrizität,Anteil in %
4060,1959,Gas,In TJ
1.529535864978903,1959,Gas,Anteil in %
68510,1959,Kohle,In TJ
25.80997588908981,1959,Kohle,Anteil in %
15110,1959,Holz und Holzkohle,In TJ
5.692435201928872,1959,Holz und Holzkohle,Anteil in %
"""...""",1959,Fernwärme,In TJ
"""...""",1959,Fernwärme,Anteil in %
"""...""",1959,Abfälle,In TJ
"""...""",1959,Abfälle,Anteil in %
"""...""",1959,Übrige erneuerbare Energien,In TJ
"""...""",1959,Übrige erneuerbare Energien,Anteil in %
294540,1960,Primärenergieträger - Total,In TJ
100,1960,Primärenergieträger - Total,Anteil in %
95300,1960,Erdölbrennstoffe,In TJ
32.35553744822435,1960,Erdölbrennstoffe,Anteil in %
55310,1960,Treibstoffe,In TJ
18.77843416853398,1960,Treibstoffe,Anteil in %
57210,1960,Elektrizität,In TJ
19.42350784273783,1960,Elektrizität,Anteil in %
4120,1960,Gas,In TJ
1.398791335642018,1960,Gas,Anteil in %
68080,1960,Kohle,In TJ
23.11400828410403,1960,Kohle,Anteil in %
14520,1960,Holz und Holzkohle,In TJ
4.929720920757791,1960,Holz und Holzkohle,Anteil in %
"""...""",1960,Fernwärme,In TJ
"""...""",1960,Fernwärme,Anteil in %
"""...""",1960,Abfälle,In TJ
"""...""",1960,Abfälle,Anteil in %
"""...""",1960,Übrige erneuerbare Energien,In TJ
"""...""",1960,Übrige erneuerbare Energien,Anteil in %
311450,1961,Primärenergieträger - Total,In TJ
100,1961,Primärenergieträger - Total,Anteil in %
103560,1961,Erdölbrennstoffe,In TJ
33.25092310162145,1961,Erdölbrennstoffe,Anteil in %
66090,1961,Treibstoffe,In TJ
21.2200995344357,1961,Treibstoffe,Anteil in %
60270,1961,Elektrizität,In TJ
19.35142077379997,1961,Elektrizität,Anteil in %
4090,1961,Gas,In TJ
1.313212393642639,1961,Gas,Anteil in %
63270,1961,Kohle,In TJ
20.31465724835447,1961,Kohle,Anteil in %
14170,1961,Holz und Holzkohle,In TJ
4.549686948145769,1961,Holz und Holzkohle,Anteil in %
"""...""",1961,Fernwärme,In TJ
"""...""",1961,Fernwärme,Anteil in %
"""...""",1961,Abfälle,In TJ
"""...""",1961,Abfälle,Anteil in %
"""...""",1961,Übrige erneuerbare Energien,In TJ
"""...""",1961,Übrige erneuerbare Energien,Anteil in %
358360,1962,Primärenergieträger - Total,In TJ
100,1962,Primärenergieträger - Total,Anteil in %
134470,1962,Erdölbrennstoffe,In TJ
37.52371916508539,1962,Erdölbrennstoffe,Anteil in %
71260,1962,Treibstoffe,In TJ
19.88503181158611,1962,Treibstoffe,Anteil in %
63780,1962,Elektrizität,In TJ
17.79774528407188,1962,Elektrizität,Anteil in %
4210,1962,Gas,In TJ
1.174796294229267,1962,Gas,Anteil in %
68490,1962,Kohle,In TJ
19.11206607880344,1962,Kohle,Anteil in %
16150,1962,Holz und Holzkohle,In TJ
4.506641366223909,1962,Holz und Holzkohle,Anteil in %
"""...""",1962,Fernwärme,In TJ
"""...""",1962,Fernwärme,Anteil in %
"""...""",1962,Abfälle,In TJ
"""...""",1962,Abfälle,Anteil in %
"""...""",1962,Übrige erneuerbare Energien,In TJ
"""...""",1962,Übrige erneuerbare Energien,Anteil in %
407400,1963,Primärenergieträger - Total,In TJ
100,1963,Primärenergieträger - Total,Anteil in %
169340,1963,Erdölbrennstoffe,In TJ
41.56602847324497,1963,Erdölbrennstoffe,Anteil in %
82790,1963,Treibstoffe,In TJ
20.32155130093274,1963,Treibstoffe,Anteil in %
66540,1963,Elektrizität,In TJ
16.33284241531664,1963,Elektrizität,Anteil in %
4400,1963,Gas,In TJ
1.080019636720668,1963,Gas,Anteil in %
68150,1963,Kohle,In TJ
16.72803141875307,1963,Kohle,Anteil in %
16180,1963,Holz und Holzkohle,In TJ
3.97152675503191,1963,Holz und Holzkohle,Anteil in %
"""...""",1963,Fernwärme,In TJ
"""...""",1963,Fernwärme,Anteil in %
"""...""",1963,Abfälle,In TJ
"""...""",1963,Abfälle,Anteil in %
"""...""",1963,Übrige erneuerbare Energien,In TJ
"""...""",1963,Übrige erneuerbare Energien,Anteil in %
418370,1964,Primärenergieträger - Total,In TJ
100,1964,Primärenergieträger - Total,Anteil in %
182220,1964,Erdölbrennstoffe,In TJ
43.55474818940173,1964,Erdölbrennstoffe,Anteil in %
91490,1964,Treibstoffe,In TJ
21.86820278700672,1964,Treibstoffe,Anteil in %
69650,1964,Elektrizität,In TJ
16.64794320816502,1964,Elektrizität,Anteil in %
4280,1964,Gas,In TJ
1.023017902813299,1964,Gas,Anteil in %
54510,1964,Kohle,In TJ
13.02913688840022,1964,Kohle,Anteil in %
16220,1964,Holz und Holzkohle,In TJ
3.876951024213017,1964,Holz und Holzkohle,Anteil in %
"""...""",1964,Fernwärme,In TJ
"""...""",1964,Fernwärme,Anteil in %
"""...""",1964,Abfälle,In TJ
"""...""",1964,Abfälle,Anteil in %
"""...""",1964,Übrige erneuerbare Energien,In TJ
"""...""",1964,Übrige erneuerbare Energien,Anteil in %
447660,1965,Primärenergieträger - Total,In TJ
100,1965,Primärenergieträger - Total,Anteil in %
212980,1965,Erdölbrennstoffe,In TJ
47.57628557387303,1965,Erdölbrennstoffe,Anteil in %
96710,1965,Treibstoffe,In TJ
21.6034490461511,1965,Treibstoffe,Anteil in %
72800,1965,Elektrizität,In TJ
16.26234195594871,1965,Elektrizität,Anteil in %
4360,1965,Gas,In TJ
0.973953446812313,1965,Gas,Anteil in %
43980,1965,Kohle,In TJ
9.824420318992091,1965,Kohle,Anteil in %
16830,1965,Holz und Holzkohle,In TJ
3.759549658222758,1965,Holz und Holzkohle,Anteil in %
"""...""",1965,Fernwärme,In TJ
"""...""",1965,Fernwärme,Anteil in %
"""...""",1965,Abfälle,In TJ
"""...""",1965,Abfälle,Anteil in %
"""...""",1965,Übrige erneuerbare Energien,In TJ
"""...""",1965,Übrige erneuerbare Energien,Anteil in %
450680,1966,Primärenergieträger - Total,In TJ
100,1966,Primärenergieträger - Total,Anteil in %
216960,1966,Erdölbrennstoffe,In TJ
48.14058755658117,1966,Erdölbrennstoffe,Anteil in %
104020,1966,Treibstoffe,In TJ
23.08067808644715,1966,Treibstoffe,Anteil in %
74550,1966,Elektrizität,In TJ
16.54167036478211,1966,Elektrizität,Anteil in %
4350,1966,Gas,In TJ
0.965208129936984,1966,Gas,Anteil in %
36070,1966,Kohle,In TJ
8.003461436052188,1966,Kohle,Anteil in %
14730,1966,Holz und Holzkohle,In TJ
3.268394426200408,1966,Holz und Holzkohle,Anteil in %
"""...""",1966,Fernwärme,In TJ
"""...""",1966,Fernwärme,Anteil in %
"""...""",1966,Abfälle,In TJ
"""...""",1966,Abfälle,Anteil in %
"""...""",1966,Übrige erneuerbare Energien,In TJ
"""...""",1966,Übrige erneuerbare Energien,Anteil in %
470650,1967,Primärenergieträger - Total,In TJ
100,1967,Primärenergieträger - Total,Anteil in %
235220,1967,Erdölbrennstoffe,In TJ
49.97769042813131,1967,Erdölbrennstoffe,Anteil in %
108470,1967,Treibstoffe,In TJ
23.04685010092425,1967,Treibstoffe,Anteil in %
77500,1967,Elektrizität,In TJ
16.46658876022522,1967,Elektrizität,Anteil in %
4470,1967,Gas,In TJ
0.949750345267184,1967,Gas,Anteil in %
30700,1967,Kohle,In TJ
6.522893870179539,1967,Kohle,Anteil in %
14290,1967,Holz und Holzkohle,In TJ
3.036226495272496,1967,Holz und Holzkohle,Anteil in %
"""...""",1967,Fernwärme,In TJ
"""...""",1967,Fernwärme,Anteil in %
"""...""",1967,Abfälle,In TJ
"""...""",1967,Abfälle,Anteil in %
"""...""",1967,Übrige erneuerbare Energien,In TJ
"""...""",1967,Übrige erneuerbare Energien,Anteil in %
506160,1968,Primärenergieträger - Total,In TJ
100,1968,Primärenergieträger - Total,Anteil in %
261550,1968,Erdölbrennstoffe,In TJ
51.67338391022602,1968,Erdölbrennstoffe,Anteil in %
115580,1968,Treibstoffe,In TJ
22.8346767820452,1968,Treibstoffe,Anteil in %
80770,1968,Elektrizität,In TJ
15.95740477319425,1968,Elektrizität,Anteil in %
4700,1968,Gas,In TJ
0.928560139086455,1968,Gas,Anteil in %
29930,1968,Kohle,In TJ
5.913149992097361,1968,Kohle,Anteil in %
13630,1968,Holz und Holzkohle,In TJ
2.692824403350719,1968,Holz und Holzkohle,Anteil in %
"""...""",1968,Fernwärme,In TJ
"""...""",1968,Fernwärme,Anteil in %
"""...""",1968,Abfälle,In TJ
"""...""",1968,Abfälle,Anteil in %
"""...""",1968,Übrige erneuerbare Energien,In TJ
"""...""",1968,Übrige erneuerbare Energien,Anteil in %
547090,1969,Primärenergieträger - Total,In TJ
100,1969,Primärenergieträger - Total,Anteil in %
291150,1969,Erdölbrennstoffe,In TJ
53.21793489188251,1969,Erdölbrennstoffe,Anteil in %
125130,1969,Treibstoffe,In TJ
22.87192235281215,1969,Treibstoffe,Anteil in %
85320,1969,Elektrizität,In TJ
15.59524027125336,1969,Elektrizität,Anteil in %
5950,1969,Gas,In TJ
1.087572428668044,1969,Gas,Anteil in %
27230,1969,Kohle,In TJ
4.97724323237493,1969,Kohle,Anteil in %
12310,1969,Holz und Holzkohle,In TJ
2.250086823009011,1969,Holz und Holzkohle,Anteil in %
"""...""",1969,Fernwärme,In TJ
"""...""",1969,Fernwärme,Anteil in %
"""...""",1969,Abfälle,In TJ
"""...""",1969,Abfälle,Anteil in %
"""...""",1969,Übrige erneuerbare Energien,In TJ
"""...""",1969,Übrige erneuerbare Energien,Anteil in %
586050,1970,Primärenergieträger - Total,In TJ
100,1970,Primärenergieträger - Total,Anteil in %
316510,1970,Erdölbrennstoffe,In TJ
54.00733725791315,1970,Erdölbrennstoffe,Anteil in %
138060,1970,Treibstoffe,In TJ
23.55771691835168,1970,Treibstoffe,Anteil in %
90310,1970,Elektrizität,In TJ
15.40994795665899,1970,Elektrizität,Anteil in %
6620,1970,Gas,In TJ
1.129596450814777,1970,Gas,Anteil in %
24440,1970,Kohle,In TJ
4.170292637147001,1970,Kohle,Anteil in %
10110,1970,Holz und Holzkohle,In TJ
1.72510877911441,1970,Holz und Holzkohle,Anteil in %
"""...""",1970,Fernwärme,In TJ
"""...""",1970,Fernwärme,Anteil in %
"""...""",1970,Abfälle,In TJ
"""...""",1970,Abfälle,Anteil in %
"""...""",1970,Übrige erneuerbare Energien,In TJ
"""...""",1970,Übrige erneuerbare Energien,Anteil in %
613010,1971,Primärenergieträger - Total,In TJ
100,1971,Primärenergieträger - Total,Anteil in %
334490,1971,Erdölbrennstoffe,In TJ
54.56517838208186,1971,Erdölbrennstoffe,Anteil in %
150260,1971,Treibstoffe,In TJ
24.511835043474,1971,Treibstoffe,Anteil in %
94490,1971,Elektrizität,In TJ
15.41410417448329,1971,Elektrizität,Anteil in %
7600,1971,Gas,In TJ
1.239784016573955,1971,Gas,Anteil in %
16500,1971,Kohle,In TJ
2.691636351772402,1971,Kohle,Anteil in %
9670,1971,Holz und Holzkohle,In TJ
1.577462031614493,1971,Holz und Holzkohle,Anteil in %
"""...""",1971,Fernwärme,In TJ
"""...""",1971,Fernwärme,Anteil in %
"""...""",1971,Abfälle,In TJ
"""...""",1971,Abfälle,Anteil in %
"""...""",1971,Übrige erneuerbare Energien,In TJ
"""...""",1971,Übrige erneuerbare Energien,Anteil in %
626120,1972,Primärenergieträger - Total,In TJ
100,1972,Primärenergieträger - Total,Anteil in %
336470,1972,Erdölbrennstoffe,In TJ
53.73889989139462,1972,Erdölbrennstoffe,Anteil in %
160720,1972,Treibstoffe,In TJ
25.66920079218041,1972,Treibstoffe,Anteil in %
97710,1972,Elektrizität,In TJ
15.60563470261292,1972,Elektrizität,Anteil in %
8200,1972,Gas,In TJ
1.309653101641858,1972,Gas,Anteil in %
13790,1972,Kohle,In TJ
2.202453203858685,1972,Kohle,Anteil in %
9230,1972,Holz und Holzkohle,In TJ
1.474158308311506,1972,Holz und Holzkohle,Anteil in %
"""...""",1972,Fernwärme,In TJ
"""...""",1972,Fernwärme,Anteil in %
"""...""",1972,Abfälle,In TJ
"""...""",1972,Abfälle,Anteil in %
"""...""",1972,Übrige erneuerbare Energien,In TJ
"""...""",1972,Übrige erneuerbare Energien,Anteil in %
672690,1973,Primärenergieträger - Total,In TJ
100,1973,Primärenergieträger - Total,Anteil in %
371150,1973,Erdölbrennstoffe,In TJ
55.17400288394357,1973,Erdölbrennstoffe,Anteil in %
165330,1973,Treibstoffe,In TJ
24.57744280426348,1973,Treibstoffe,Anteil in %
103590,1973,Elektrizität,In TJ
15.39936672166972,1973,Elektrizität,Anteil in %
9550,1973,Gas,In TJ
1.419673252166674,1973,Gas,Anteil in %
12960,1973,Kohle,In TJ
1.926593230165455,1973,Kohle,Anteil in %
10110,1973,Holz und Holzkohle,In TJ
1.502921107791107,1973,Holz und Holzkohle,Anteil in %
"""...""",1973,Fernwärme,In TJ
"""...""",1973,Fernwärme,Anteil in %
"""...""",1973,Abfälle,In TJ
"""...""",1973,Abfälle,Anteil in %
"""...""",1973,Übrige erneuerbare Energien,In TJ
"""...""",1973,Übrige erneuerbare Energien,Anteil in %
622040,1974,Primärenergieträger - Total,In TJ
100,1974,Primärenergieträger - Total,Anteil in %
325810,1974,Erdölbrennstoffe,In TJ
52.37766060060446,1974,Erdölbrennstoffe,Anteil in %
155760,1974,Treibstoffe,In TJ
25.04019034145714,1974,Treibstoffe,Anteil in %
106440,1974,Elektrizität,In TJ
17.11143977879236,1974,Elektrizität,Anteil in %
13550,1974,Gas,In TJ
2.178316506977043,1974,Gas,Anteil in %
12130,1974,Kohle,In TJ
1.950035367500482,1974,Kohle,Anteil in %
8350,1974,Holz und Holzkohle,In TJ
1.34235740466851,1974,Holz und Holzkohle,Anteil in %
"""...""",1974,Fernwärme,In TJ
"""...""",1974,Fernwärme,Anteil in %
"""...""",1974,Abfälle,In TJ
"""...""",1974,Abfälle,Anteil in %
"""...""",1974,Übrige erneuerbare Energien,In TJ
"""...""",1974,Übrige erneuerbare Energien,Anteil in %
611750,1975,Primärenergieträger - Total,In TJ
100,1975,Primärenergieträger - Total,Anteil in %
314830,1975,Erdölbrennstoffe,In TJ
51.46383326522273,1975,Erdölbrennstoffe,Anteil in %
156070,1975,Treibstoffe,In TJ
25.51205557825909,1975,Treibstoffe,Anteil in %
104050,1975,Elektrizität,In TJ
17.0085819370658,1975,Elektrizität,Anteil in %
18870,1975,Gas,In TJ
3.084593379648549,1975,Gas,Anteil in %
9580,1975,Kohle,In TJ
1.565999182672661,1975,Kohle,Anteil in %
8350,1975,Holz und Holzkohle,In TJ
1.364936657131181,1975,Holz und Holzkohle,Anteil in %
"""...""",1975,Fernwärme,In TJ
"""...""",1975,Fernwärme,Anteil in %
"""...""",1975,Abfälle,In TJ
"""...""",1975,Abfälle,Anteil in %
"""...""",1975,Übrige erneuerbare Energien,In TJ
"""...""",1975,Übrige erneuerbare Energien,Anteil in %
622730,1976,Primärenergieträger - Total,In TJ
100,1976,Primärenergieträger - Total,Anteil in %
320700,1976,Erdölbrennstoffe,In TJ
51.49904452973199,1976,Erdölbrennstoffe,Anteil in %
157000,1976,Treibstoffe,In TJ
25.21156841648869,1976,Treibstoffe,Anteil in %
107650,1976,Elektrizität,In TJ
17.28678560531852,1976,Elektrizität,Anteil in %
20430,1976,Gas,In TJ
3.280715558909961,1976,Gas,Anteil in %
8600,1976,Kohle,In TJ
1.381015849565622,1976,Kohle,Anteil in %
8350,1976,Holz und Holzkohle,In TJ
1.340870039985226,1976,Holz und Holzkohle,Anteil in %
"""...""",1976,Fernwärme,In TJ
"""...""",1976,Fernwärme,Anteil in %
"""...""",1976,Abfälle,In TJ
"""...""",1976,Abfälle,Anteil in %
"""...""",1976,Übrige erneuerbare Energien,In TJ
"""...""",1976,Übrige erneuerbare Energien,Anteil in %
636210,1977,Primärenergieträger - Total,In TJ
100,1977,Primärenergieträger - Total,Anteil in %
313400,1977,Erdölbrennstoffe,In TJ
49.26046431209821,1977,Erdölbrennstoffe,Anteil in %
167200,1977,Treibstoffe,In TJ
26.28063060938998,1977,Treibstoffe,Anteil in %
112640,1977,Elektrizität,In TJ
17.70484588422062,1977,Elektrizität,Anteil in %
24120,1977,Gas,In TJ
3.791201018531617,1977,Gas,Anteil in %
10500,1977,Kohle,In TJ
1.650398453340878,1977,Kohle,Anteil in %
8350,1977,Holz und Holzkohle,In TJ
1.312459722418698,1977,Holz und Holzkohle,Anteil in %
"""...""",1977,Fernwärme,In TJ
"""...""",1977,Fernwärme,Anteil in %
"""...""",1977,Abfälle,In TJ
"""...""",1977,Abfälle,Anteil in %
"""...""",1977,Übrige erneuerbare Energien,In TJ
"""...""",1977,Übrige erneuerbare Energien,Anteil in %
671390,1978,Primärenergieträger - Total,In TJ
100,1978,Primärenergieträger - Total,Anteil in %
335600,1978,Erdölbrennstoffe,In TJ
49.98585025097187,1978,Erdölbrennstoffe,Anteil in %
170000,1978,Treibstoffe,In TJ
25.32060352403223,1978,Treibstoffe,Anteil in %
116870,1978,Elektrizität,In TJ
17.4071701991391,1978,Elektrizität,Anteil in %
22450,1978,Gas,In TJ
3.343809112438374,1978,Gas,Anteil in %
9200,1978,Kohle,In TJ
1.37029148482998,1978,Kohle,Anteil in %
7910,1978,Holz und Holzkohle,In TJ
1.178152787500559,1978,Holz und Holzkohle,Anteil in %
5760,1978,Fernwärme,In TJ
0.857921625284857,1978,Fernwärme,Anteil in %
3600,1978,Abfälle,In TJ
0.536201015803035,1978,Abfälle,Anteil in %
"""...""",1978,Übrige erneuerbare Energien,In TJ
"""...""",1978,Übrige erneuerbare Energien,Anteil in %
657900,1979,Primärenergieträger - Total,In TJ
100,1979,Primärenergieträger - Total,Anteil in %
313930,1979,Erdölbrennstoffe,In TJ
47.71697826417389,1979,Erdölbrennstoffe,Anteil in %
168770,1979,Treibstoffe,In TJ
25.65283477732178,1979,Treibstoffe,Anteil in %
121560,1979,Elektrizität,In TJ
18.47697218422253,1979,Elektrizität,Anteil in %
25420,1979,Gas,In TJ
3.863809089527284,1979,Gas,Anteil in %
9440,1979,Kohle,In TJ
1.434868521051832,1979,Kohle,Anteil in %
9010,1979,Holz und Holzkohle,In TJ
1.369509043927649,1979,Holz und Holzkohle,Anteil in %
6070,1979,Fernwärme,In TJ
0.922632618939048,1979,Fernwärme,Anteil in %
3700,1979,Abfälle,In TJ
0.562395500835993,1979,Abfälle,Anteil in %
"""...""",1979,Übrige erneuerbare Energien,In TJ
"""...""",1979,Übrige erneuerbare Energien,Anteil in %
698290,1980,Primärenergieträger - Total,In TJ
100,1980,Primärenergieträger - Total,Anteil in %
310660,1980,Erdölbrennstoffe,In TJ
44.48867948846468,1980,Erdölbrennstoffe,Anteil in %
178820,1980,Treibstoffe,In TJ
25.60827163499406,1980,Treibstoffe,Anteil in %
126910,1980,Elektrizität,In TJ
18.17439745664409,1980,Elektrizität,Anteil in %
30370,1980,Gas,In TJ
4.349195892823898,1980,Gas,Anteil in %
13630,1980,Kohle,In TJ
1.951911097108651,1980,Kohle,Anteil in %
26280,1980,Holz und Holzkohle,In TJ
3.763479356714259,1980,Holz und Holzkohle,Anteil in %
7920,1980,Fernwärme,In TJ
1.134199258187859,1980,Fernwärme,Anteil in %
3700,1980,Abfälle,In TJ
0.52986581506251,1980,Abfälle,Anteil in %
"""...""",1980,Übrige erneuerbare Energien,In TJ
"""...""",1980,Übrige erneuerbare Energien,Anteil in %
687890,1981,Primärenergieträger - Total,In TJ
100,1981,Primärenergieträger - Total,Anteil in %
284090,1981,Erdölbrennstoffe,In TJ
41.29875416127579,1981,Erdölbrennstoffe,Anteil in %
181620,1981,Treibstoffe,In TJ
26.40247714024045,1981,Treibstoffe,Anteil in %
130300,1981,Elektrizität,In TJ
18.94198200293652,1981,Elektrizität,Anteil in %
33370,1981,Gas,In TJ
4.851066304205614,1981,Gas,Anteil in %
20110,1981,Kohle,In TJ
2.923432525549143,1981,Kohle,Anteil in %
25480,1981,Holz und Holzkohle,In TJ
3.704080594281062,1981,Holz und Holzkohle,Anteil in %
8320,1981,Fernwärme,In TJ
1.209495704255041,1981,Fernwärme,Anteil in %
4600,1981,Abfälle,In TJ
0.668711567256393,1981,Abfälle,Anteil in %
"""...""",1981,Übrige erneuerbare Energien,In TJ
"""...""",1981,Übrige erneuerbare Energien,Anteil in %
672750,1982,Primärenergieträger - Total,In TJ
100,1982,Primärenergieträger - Total,Anteil in %
264940,1982,Erdölbrennstoffe,In TJ
39.38164251207729,1982,Erdölbrennstoffe,Anteil in %
183720,1982,Treibstoffe,In TJ
27.30880713489409,1982,Treibstoffe,Anteil in %
132230,1982,Elektrizität,In TJ
19.65514678558157,1982,Elektrizität,Anteil in %
35830,1982,Gas,In TJ
5.325901151988108,1982,Gas,Anteil in %
17790,1982,Kohle,In TJ
2.644370122630992,1982,Kohle,Anteil in %
24930,1982,Holz und Holzkohle,In TJ
3.705685618729097,1982,Holz und Holzkohle,Anteil in %
8430,1982,Fernwärme,In TJ
1.253065774804905,1982,Fernwärme,Anteil in %
4880,1982,Abfälle,In TJ
0.725380899293943,1982,Abfälle,Anteil in %
"""...""",1982,Übrige erneuerbare Energien,In TJ
"""...""",1982,Übrige erneuerbare Energien,Anteil in %
691250,1983,Primärenergieträger - Total,In TJ
100,1983,Primärenergieträger - Total,Anteil in %
268480,1983,Erdölbrennstoffe,In TJ
38.83978300180832,1983,Erdölbrennstoffe,Anteil in %
191710,1983,Treibstoffe,In TJ
27.73381555153707,1983,Treibstoffe,Anteil in %
136690,1983,Elektrizität,In TJ
19.77432188065099,1983,Elektrizität,Anteil in %
39920,1983,Gas,In TJ
5.7750452079566,1983,Gas,Anteil in %
15340,1983,Kohle,In TJ
2.219168173598554,1983,Kohle,Anteil in %
25340,1983,Holz und Holzkohle,In TJ
3.665822784810127,1983,Holz und Holzkohle,Anteil in %
8610,1983,Fernwärme,In TJ
1.245569620253165,1983,Fernwärme,Anteil in %
5160,1983,Abfälle,In TJ
0.746473779385172,1983,Abfälle,Anteil in %
"""...""",1983,Übrige erneuerbare Energien,In TJ
"""...""",1983,Übrige erneuerbare Energien,Anteil in %
721260,1984,Primärenergieträger - Total,In TJ
100,1984,Primärenergieträger - Total,Anteil in %
272330,1984,Erdölbrennstoffe,In TJ
37.75753542411891,1984,Erdölbrennstoffe,Anteil in %
198910,1984,Treibstoffe,In TJ
27.57812716634778,1984,Treibstoffe,Anteil in %
142790,1984,Elektrizität,In TJ
19.79729917089538,1984,Elektrizität,Anteil in %
45410,1984,Gas,In TJ
6.295926572941796,1984,Gas,Anteil in %
19770,1984,Kohle,In TJ
2.741036519424341,1984,Kohle,Anteil in %
26560,1984,Holz und Holzkohle,In TJ
3.682444610819954,1984,Holz und Holzkohle,Anteil in %
9210,1984,Fernwärme,In TJ
1.276932035604359,1984,Fernwärme,Anteil in %
6280,1984,Abfälle,In TJ
0.870698499847489,1984,Abfälle,Anteil in %
"""...""",1984,Übrige erneuerbare Energien,In TJ
"""...""",1984,Übrige erneuerbare Energien,Anteil in %
730900,1985,Primärenergieträger - Total,In TJ
100,1985,Primärenergieträger - Total,Anteil in %
270780,1985,Erdölbrennstoffe,In TJ
37.04747571487208,1985,Erdölbrennstoffe,Anteil in %
201050,1985,Treibstoffe,In TJ
27.50718292516076,1985,Treibstoffe,Anteil in %
148760,1985,Elektrizität,In TJ
20.3529894650431,1985,Elektrizität,Anteil in %
47660,1985,Gas,In TJ
6.520727869749623,1985,Gas,Anteil in %
19790,1985,Kohle,In TJ
2.707620741551512,1985,Kohle,Anteil in %
27030,1985,Holz und Holzkohle,In TJ
3.698180325625941,1985,Holz und Holzkohle,Anteil in %
9430,1985,Fernwärme,In TJ
1.290190176494733,1985,Fernwärme,Anteil in %
6400,1985,Abfälle,In TJ
0.875632781502258,1985,Abfälle,Anteil in %
"""...""",1985,Übrige erneuerbare Energien,In TJ
"""...""",1985,Übrige erneuerbare Energien,Anteil in %
745870,1986,Primärenergieträger - Total,In TJ
100,1986,Primärenergieträger - Total,Anteil in %
274260,1986,Erdölbrennstoffe,In TJ
36.77048279190744,1986,Erdölbrennstoffe,Anteil in %
210300,1986,Treibstoffe,In TJ
28.19526190891174,1986,Treibstoffe,Anteil in %
152450,1986,Elektrizität,In TJ
20.43921863059246,1986,Elektrizität,Anteil in %
48980,1986,Gas,In TJ
6.566827999517342,1986,Gas,Anteil in %
17200,1986,Kohle,In TJ
2.306031882231488,1986,Kohle,Anteil in %
26290,1986,Holz und Holzkohle,In TJ
3.524742917666618,1986,Holz und Holzkohle,Anteil in %
9860,1986,Fernwärme,In TJ
1.321946183651307,1986,Fernwärme,Anteil in %
6530,1986,Abfälle,In TJ
0.875487685521606,1986,Abfälle,Anteil in %
"""...""",1986,Übrige erneuerbare Energien,In TJ
"""...""",1986,Übrige erneuerbare Energien,Anteil in %
755680,1987,Primärenergieträger - Total,In TJ
100,1987,Primärenergieträger - Total,Anteil in %
268440,1987,Erdölbrennstoffe,In TJ
35.52297268685157,1987,Erdölbrennstoffe,Anteil in %
216880,1987,Treibstoffe,In TJ
28.69997882701673,1987,Treibstoffe,Anteil in %
156930,1987,Elektrizität,In TJ
20.76672665678594,1987,Elektrizität,Anteil in %
52820,1987,Gas,In TJ
6.989731103112429,1987,Gas,Anteil in %
16420,1987,Kohle,In TJ
2.172877408426847,1987,Kohle,Anteil in %
26380,1987,Holz und Holzkohle,In TJ
3.490895617192463,1987,Holz und Holzkohle,Anteil in %
11250,1987,Fernwärme,In TJ
1.488725386406945,1987,Fernwärme,Anteil in %
6560,1987,Abfälle,In TJ
0.868092314207072,1987,Abfälle,Anteil in %
"""...""",1987,Übrige erneuerbare Energien,In TJ
"""...""",1987,Übrige erneuerbare Energien,Anteil in %
758790,1988,Primärenergieträger - Total,In TJ
100,1988,Primärenergieträger - Total,Anteil in %
261760,1988,Erdölbrennstoffe,In TJ
34.49702816325993,1988,Erdölbrennstoffe,Anteil in %
227300,1988,Treibstoffe,In TJ
29.95558718486011,1988,Treibstoffe,Anteil in %
159580,1988,Elektrizität,In TJ
21.0308517508138,1988,Elektrizität,Anteil in %
53800,1988,Gas,In TJ
7.090235770107672,1988,Gas,Anteil in %
14030,1988,Kohle,In TJ
1.848996428524361,1988,Kohle,Anteil in %
25010,1988,Holz und Holzkohle,In TJ
3.29603711171734,1988,Holz und Holzkohle,Anteil in %
10720,1988,Fernwärme,In TJ
1.41277560326309,1988,Fernwärme,Anteil in %
6590,1988,Abfälle,In TJ
0.868487987453709,1988,Abfälle,Anteil in %
"""...""",1988,Übrige erneuerbare Energien,In TJ
"""...""",1988,Übrige erneuerbare Energien,Anteil in %
761970,1989,Primärenergieträger - Total,In TJ
100,1989,Primärenergieträger - Total,Anteil in %
247020,1989,Erdölbrennstoffe,In TJ
32.41859915744714,1989,Erdölbrennstoffe,Anteil in %
236010,1989,Treibstoffe,In TJ
30.97366038032994,1989,Treibstoffe,Anteil in %
163810,1989,Elektrizität,In TJ
21.49822171476567,1989,Elektrizität,Anteil in %
58830,1989,Gas,In TJ
7.72077640852002,1989,Gas,Anteil in %
14010,1989,Kohle,In TJ
1.838655065160046,1989,Kohle,Anteil in %
24870,1989,Holz und Holzkohle,In TJ
3.263908027875113,1989,Holz und Holzkohle,Anteil in %
10780,1989,Fernwärme,In TJ
1.414753861700592,1989,Fernwärme,Anteil in %
6640,1989,Abfälle,In TJ
0.871425384201478,1989,Abfälle,Anteil in %
"""...""",1989,Übrige erneuerbare Energien,In TJ
"""...""",1989,Übrige erneuerbare Energien,Anteil in %
794320,1990,Primärenergieträger - Total,In TJ
100,1990,Primärenergieträger - Total,Anteil in %
243600,1990,Erdölbrennstoffe,In TJ
30.66774096082184,1990,Erdölbrennstoffe,Anteil in %
253220,1990,Treibstoffe,In TJ
31.87883976231242,1990,Treibstoffe,Anteil in %
167680,1990,Elektrizität,In TJ
21.10988014905831,1990,Elektrizität,Anteil in %
63670,1990,Gas,In TJ
8.015661194480813,1990,Gas,Anteil in %
14360,1990,Kohle,In TJ
1.807835632994259,1990,Kohle,Anteil in %
28600,1990,Holz und Holzkohle,In TJ
3.600564004431464,1990,Holz und Holzkohle,Anteil in %
10420,1990,Fernwärme,In TJ
1.311813878537617,1990,Fernwärme,Anteil in %
8680,1990,Abfälle,In TJ
1.092758585960318,1990,Abfälle,Anteil in %
4090,1990,Übrige erneuerbare Energien,In TJ
0.514905831402961,1990,Übrige erneuerbare Energien,Anteil in %
834850,1991,Primärenergieträger - Total,In TJ
100,1991,Primärenergieträger - Total,Anteil in %
261650,1991,Erdölbrennstoffe,In TJ
31.3409594537941,1991,Erdölbrennstoffe,Anteil in %
258940,1991,Treibstoffe,In TJ
31.01635024255855,1991,Treibstoffe,Anteil in %
171310,1991,Elektrizität,In TJ
20.51985386596395,1991,Elektrizität,Anteil in %
71480,1991,Gas,In TJ
8.562017128825538,1991,Gas,Anteil in %
12540,1991,Kohle,In TJ
1.502066239444212,1991,Kohle,Anteil in %
31510,1991,Holz und Holzkohle,In TJ
3.774330718093071,1991,Holz und Holzkohle,Anteil in %
12090,1991,Fernwärme,In TJ
1.448164340899563,1991,Fernwärme,Anteil in %
10740,1991,Abfälle,In TJ
1.286458645265617,1991,Abfälle,Anteil in %
4590,1991,Übrige erneuerbare Energien,In TJ
0.549799365155417,1991,Übrige erneuerbare Energien,Anteil in %
837930,1992,Primärenergieträger - Total,In TJ
100,1992,Primärenergieträger - Total,Anteil in %
257870,1992,Erdölbrennstoffe,In TJ
30.77464704688936,1992,Erdölbrennstoffe,Anteil in %
265890,1992,Treibstoffe,In TJ
31.73176757008342,1992,Treibstoffe,Anteil in %
172320,1992,Elektrizität,In TJ
20.56496366044896,1992,Elektrizität,Anteil in %
75380,1992,Gas,In TJ
8.995978184335208,1992,Gas,Anteil in %
8660,1992,Kohle,In TJ
1.033499218311792,1992,Kohle,Anteil in %
30500,1992,Holz und Holzkohle,In TJ
3.639922189204349,1992,Holz und Holzkohle,Anteil in %
11970,1992,Fernwärme,In TJ
1.428520282123805,1992,Fernwärme,Anteil in %
10720,1992,Abfälle,In TJ
1.279343143221988,1992,Abfälle,Anteil in %
4620,1992,Übrige erneuerbare Energien,In TJ
0.551358705381118,1992,Übrige erneuerbare Energien,Anteil in %
814370,1993,Primärenergieträger - Total,In TJ
100,1993,Primärenergieträger - Total,Anteil in %
245520,1993,Erdölbrennstoffe,In TJ
30.1484583174724,1993,Erdölbrennstoffe,Anteil in %
253490,1993,Treibstoffe,In TJ
31.12712894630205,1993,Treibstoffe,Anteil in %
170060,1993,Elektrizität,In TJ
20.88239989194101,1993,Elektrizität,Anteil in %
79340,1993,Gas,In TJ
9.742500337684344,1993,Gas,Anteil in %
7280,1993,Kohle,In TJ
0.893942556823066,1993,Kohle,Anteil in %
30590,1993,Holz und Holzkohle,In TJ
3.756277858958459,1993,Holz und Holzkohle,Anteil in %
11310,1993,Fernwärme,In TJ
1.388803615064406,1993,Fernwärme,Anteil in %
11960,1993,Abfälle,In TJ
1.468619914780751,1993,Abfälle,Anteil in %
4820,1993,Übrige erneuerbare Energien,In TJ
0.591868560973513,1993,Übrige erneuerbare Energien,Anteil in %
794900,1994,Primärenergieträger - Total,In TJ
100,1994,Primärenergieträger - Total,Anteil in %
228480,1994,Erdölbrennstoffe,In TJ
28.74323814316266,1994,Erdölbrennstoffe,Anteil in %
257470,1994,Treibstoffe,In TJ
32.3902377657567,1994,Treibstoffe,Anteil in %
168830,1994,Elektrizität,In TJ
21.23914957856334,1994,Elektrizität,Anteil in %
78080,1994,Gas,In TJ
9.822619197383318,1994,Gas,Anteil in %
7350,1994,Kohle,In TJ
0.924644609384828,1994,Kohle,Anteil in %
28510,1994,Holz und Holzkohle,In TJ
3.586614668511762,1994,Holz und Holzkohle,Anteil in %
11280,1994,Fernwärme,In TJ
1.419046420933451,1994,Fernwärme,Anteil in %
10110,1994,Abfälle,In TJ
1.271858095357907,1994,Abfälle,Anteil in %
4790,1994,Übrige erneuerbare Energien,In TJ
0.602591520946031,1994,Übrige erneuerbare Energien,Anteil in %
818400,1995,Primärenergieträger - Total,In TJ
100,1995,Primärenergieträger - Total,Anteil in %
237680,1995,Erdölbrennstoffe,In TJ
29.04203323558162,1995,Erdölbrennstoffe,Anteil in %
256360,1995,Treibstoffe,In TJ
31.32453567937439,1995,Treibstoffe,Anteil in %
172380,1995,Elektrizität,In TJ
21.06304985337243,1995,Elektrizität,Anteil in %
86010,1995,Gas,In TJ
10.50953079178886,1995,Gas,Anteil in %
7920,1995,Kohle,In TJ
0.967741935483871,1995,Kohle,Anteil in %
30400,1995,Holz und Holzkohle,In TJ
3.714565004887585,1995,Holz und Holzkohle,Anteil in %
11970,1995,Fernwärme,In TJ
1.462609970674487,1995,Fernwärme,Anteil in %
10440,1995,Abfälle,In TJ
1.275659824046921,1995,Abfälle,Anteil in %
5240,1995,Übrige erneuerbare Energien,In TJ
0.640273704789834,1995,Übrige erneuerbare Energien,Anteil in %
838920,1996,Primärenergieträger - Total,In TJ
100,1996,Primärenergieträger - Total,Anteil in %
243540,1996,Erdölbrennstoffe,In TJ
29.03018166213703,1996,Erdölbrennstoffe,Anteil in %
259080,1996,Treibstoffe,In TJ
30.88256329566586,1996,Treibstoffe,Anteil in %
175290,1996,Elektrizität,In TJ
20.89472178515234,1996,Elektrizität,Anteil in %
92340,1996,Gas,In TJ
11.00700901158633,1996,Gas,Anteil in %
5960,1996,Kohle,In TJ
0.710437228818004,1996,Kohle,Anteil in %
33380,1996,Holz und Holzkohle,In TJ
3.978925284890097,1996,Holz und Holzkohle,Anteil in %
12480,1996,Fernwärme,In TJ
1.487626948934344,1996,Fernwärme,Anteil in %
11110,1996,Abfälle,In TJ
1.324321747008058,1996,Abfälle,Anteil in %
5740,1996,Übrige erneuerbare Energien,In TJ
0.684213035807944,1996,Übrige erneuerbare Energien,Anteil in %
823260,1997,Primärenergieträger - Total,In TJ
100,1997,Primärenergieträger - Total,Anteil in %
228100,1997,Erdölbrennstoffe,In TJ
27.70692126424216,1997,Erdölbrennstoffe,Anteil in %
268890,1997,Treibstoffe,In TJ
32.66161358501567,1997,Treibstoffe,Anteil in %
175000,1997,Elektrizität,In TJ
21.25695406068557,1997,Elektrizität,Anteil in %
88570,1997,Gas,In TJ
10.75844812088526,1997,Gas,Anteil in %
4590,1997,Kohle,In TJ
0.557539537934553,1997,Kohle,Anteil in %
29370,1997,Holz und Holzkohle,In TJ
3.567524232927629,1997,Holz und Holzkohle,Anteil in %
12980,1997,Fernwärme,In TJ
1.576658649758278,1997,Fernwärme,Anteil in %
10090,1997,Abfälle,In TJ
1.225615236984671,1997,Abfälle,Anteil in %
5670,1997,Übrige erneuerbare Energien,In TJ
0.688725311566212,1997,Übrige erneuerbare Energien,Anteil in %
847720,1998,Primärenergieträger - Total,In TJ
100,1998,Primärenergieträger - Total,Anteil in %
239750,1998,Erdölbrennstoffe,In TJ
28.28174397206625,1998,Erdölbrennstoffe,Anteil in %
274460,1998,Treibstoffe,In TJ
32.3762563110461,1998,Treibstoffe,Anteil in %
178630,1998,Elektrizität,In TJ
21.0718161657151,1998,Elektrizität,Anteil in %
91570,1998,Gas,In TJ
10.80191572689095,1998,Gas,Anteil in %
3810,1998,Kohle,In TJ
0.449440853111877,1998,Kohle,Anteil in %
29870,1998,Holz und Holzkohle,In TJ
3.52356910300571,1998,Holz und Holzkohle,Anteil in %
13250,1998,Fernwärme,In TJ
1.563016090218468,1998,Fernwärme,Anteil in %
10320,1998,Abfälle,In TJ
1.2173830981928,1998,Abfälle,Anteil in %
6060,1998,Übrige erneuerbare Energien,In TJ
0.714858679752749,1998,Übrige erneuerbare Energien,Anteil in %
853680,1999,Primärenergieträger - Total,In TJ
100,1999,Primärenergieträger - Total,Anteil in %
227680,1999,Erdölbrennstoffe,In TJ
26.67041514384781,1999,Erdölbrennstoffe,Anteil in %
286920,1999,Treibstoffe,In TJ
33.60978352544279,1999,Treibstoffe,Anteil in %
184370,1999,Elektrizität,In TJ
21.59708555899166,1999,Elektrizität,Anteil in %
92860,1999,Gas,In TJ
10.87761222003561,1999,Gas,Anteil in %
3960,1999,Kohle,In TJ
0.463874051166714,1999,Kohle,Anteil in %
29450,1999,Holz und Holzkohle,In TJ
3.449770405772655,1999,Holz und Holzkohle,Anteil in %
13210,1999,Fernwärme,In TJ
1.547418236341486,1999,Fernwärme,Anteil in %
8930,1999,Abfälle,In TJ
1.046059413363321,1999,Abfälle,Anteil in %
6300,1999,Übrige erneuerbare Energien,In TJ
0.737981445037953,1999,Übrige erneuerbare Energien,Anteil in %
847020,2000,Primärenergieträger - Total,In TJ
100,2000,Primärenergieträger - Total,Anteil in %
208430,2000,Erdölbrennstoffe,In TJ
24.60744728577838,2000,Erdölbrennstoffe,Anteil in %
293370,2000,Treibstoffe,In TJ
34.63554579584898,2000,Treibstoffe,Anteil in %
188540,2000,Elektrizität,In TJ
22.25921465844962,2000,Elektrizität,Anteil in %
93180,2000,Gas,In TJ
11.00092087554013,2000,Gas,Anteil in %
5770,2000,Kohle,In TJ
0.681211777762036,2000,Kohle,Anteil in %
27780,2000,Holz und Holzkohle,In TJ
3.279733654459163,2000,Holz und Holzkohle,Anteil in %
13180,2000,Fernwärme,In TJ
1.556043540884513,2000,Fernwärme,Anteil in %
10440,2000,Abfälle,In TJ
1.232556492172558,2000,Abfälle,Anteil in %
6330,2000,Übrige erneuerbare Energien,In TJ
0.747325919104626,2000,Übrige erneuerbare Energien,Anteil in %
869940,2001,Primärenergieträger - Total,In TJ
100,2001,Primärenergieträger - Total,Anteil in %
226750,2001,Erdölbrennstoffe,In TJ
26.06501597811343,2001,Erdölbrennstoffe,Anteil in %
285870,2001,Treibstoffe,In TJ
32.86088695772122,2001,Treibstoffe,Anteil in %
193500,2001,Elektrizität,In TJ
22.24291330436582,2001,Elektrizität,Anteil in %
97030,2001,Gas,In TJ
11.15364277996184,2001,Gas,Anteil in %
6030,2001,Kohle,In TJ
0.69315125181047,2001,Kohle,Anteil in %
29630,2001,Holz und Holzkohle,In TJ
3.405982021748626,2001,Holz und Holzkohle,Anteil in %
13900,2001,Fernwärme,In TJ
1.597811343311033,2001,Fernwärme,Anteil in %
10450,2001,Abfälle,In TJ
1.201232268892108,2001,Abfälle,Anteil in %
6780,2001,Übrige erneuerbare Energien,In TJ
0.779364094075453,2001,Übrige erneuerbare Energien,Anteil in %
842530,2002,Primärenergieträger - Total,In TJ
100,2002,Primärenergieträger - Total,Anteil in %
208240,2002,Erdölbrennstoffe,In TJ
24.71603385042669,2002,Erdölbrennstoffe,Anteil in %
279810,2002,Treibstoffe,In TJ
33.21068685981508,2002,Treibstoffe,Anteil in %
194500,2002,Elektrizität,In TJ
23.08523138641948,2002,Elektrizität,Anteil in %
94880,2002,Gas,In TJ
11.26132007168884,2002,Gas,Anteil in %
5560,2002,Kohle,In TJ
0.659917154285307,2002,Kohle,Anteil in %
28400,2002,Holz und Holzkohle,In TJ
3.370799852824232,2002,Holz und Holzkohle,Anteil in %
14020,2002,Fernwärme,In TJ
1.664035701992807,2002,Fernwärme,Anteil in %
10190,2002,Abfälle,In TJ
1.209452482404188,2002,Abfälle,Anteil in %
6930,2002,Übrige erneuerbare Energien,In TJ
0.822522640143378,2002,Übrige erneuerbare Energien,Anteil in %
862610,2003,Primärenergieträger - Total,In TJ
100,2003,Primärenergieträger - Total,Anteil in %
218430,2003,Erdölbrennstoffe,In TJ
25.32198792038117,2003,Erdölbrennstoffe,Anteil in %
276640,2003,Treibstoffe,In TJ
32.07011279720847,2003,Treibstoffe,Anteil in %
198440,2003,Elektrizität,In TJ
23.00460231158925,2003,Elektrizität,Anteil in %
100000,2003,Gas,In TJ
11.59272440616269,2003,Gas,Anteil in %
5710,2003,Kohle,In TJ
0.66194456359189,2003,Kohle,Anteil in %
30310,2003,Holz und Holzkohle,In TJ
3.513754767507912,2003,Holz und Holzkohle,Anteil in %
14590,2003,Fernwärme,In TJ
1.691378490859137,2003,Fernwärme,Anteil in %
11060,2003,Abfälle,In TJ
1.282155319321594,2003,Abfälle,Anteil in %
7430,2003,Übrige erneuerbare Energien,In TJ
0.861339423377888,2003,Übrige erneuerbare Energien,Anteil in %
865650,2004,Primärenergieträger - Total,In TJ
100,2004,Primärenergieträger - Total,Anteil in %
215460,2004,Erdölbrennstoffe,In TJ
24.88996707676312,2004,Erdölbrennstoffe,Anteil in %
275420,2004,Treibstoffe,In TJ
31.81655403454052,2004,Treibstoffe,Anteil in %
202220,2004,Elektrizität,In TJ
23.36048056373823,2004,Elektrizität,Anteil in %
103440,2004,Gas,In TJ
11.94940218333045,2004,Gas,Anteil in %
5420,2004,Kohle,In TJ
0.626119101253393,2004,Kohle,Anteil in %
30150,2004,Holz und Holzkohle,In TJ
3.482931900883729,2004,Holz und Holzkohle,Anteil in %
14770,2004,Fernwärme,In TJ
1.706232310980188,2004,Fernwärme,Anteil in %
10980,2004,Abfälle,In TJ
1.268411020620343,2004,Abfälle,Anteil in %
7790,2004,Übrige erneuerbare Energien,In TJ
0.899901807890025,2004,Übrige erneuerbare Energien,Anteil in %
878110,2005,Primärenergieträger - Total,In TJ
100,2005,Primärenergieträger - Total,Anteil in %
215720,2005,Erdölbrennstoffe,In TJ
24.56639828723053,2005,Erdölbrennstoffe,Anteil in %
277500,2005,Treibstoffe,In TJ
31.60196330755828,2005,Treibstoffe,Anteil in %
206390,2005,Elektrizität,In TJ
23.50388903440344,2005,Elektrizität,Anteil in %
106470,2005,Gas,In TJ
12.12490462470533,2005,Gas,Anteil in %
6040,2005,Kohle,In TJ
0.687840931090638,2005,Kohle,Anteil in %
31340,2005,Holz und Holzkohle,In TJ
3.569028937149104,2005,Holz und Holzkohle,Anteil in %
15240,2005,Fernwärme,In TJ
1.735545660566444,2005,Fernwärme,Anteil in %
10880,2005,Abfälle,In TJ
1.239024723553997,2005,Abfälle,Anteil in %
8530,2005,Übrige erneuerbare Energien,In TJ
0.971404493742242,2005,Übrige erneuerbare Energien,Anteil in %
875350,2006,Primärenergieträger - Total,In TJ
100,2006,Primärenergieträger - Total,Anteil in %
207680,2006,Erdölbrennstoffe,In TJ
23.72536699605872,2006,Erdölbrennstoffe,Anteil in %
281300,2006,Treibstoffe,In TJ
32.13571714171474,2006,Treibstoffe,Anteil in %
208020,2006,Elektrizität,In TJ
23.76420860227338,2006,Elektrizität,Anteil in %
104430,2006,Gas,In TJ
11.93008510881362,2006,Gas,Anteil in %
6520,2006,Kohle,In TJ
0.744844919175187,2006,Kohle,Anteil in %
31720,2006,Holz und Holzkohle,In TJ
3.623693379790941,2006,Holz und Holzkohle,Anteil in %
15720,2006,Fernwärme,In TJ
1.795853087336494,2006,Fernwärme,Anteil in %
10990,2006,Abfälle,In TJ
1.255497800879648,2006,Abfälle,Anteil in %
8970,2006,Übrige erneuerbare Energien,In TJ
1.024732963957274,2006,Übrige erneuerbare Energien,Anteil in %
851820,2007,Primärenergieträger - Total,In TJ
100,2007,Primärenergieträger - Total,Anteil in %
180730,2007,Erdölbrennstoffe,In TJ
21.21692376323637,2007,Erdölbrennstoffe,Anteil in %
289330,2007,Treibstoffe,In TJ
33.96609612359418,2007,Treibstoffe,Anteil in %
206760,2007,Elektrizität,In TJ
24.27273367612876,2007,Elektrizität,Anteil in %
102190,2007,Gas,In TJ
11.9966659622925,2007,Gas,Anteil in %
7300,2007,Kohle,In TJ
0.856988565659412,2007,Kohle,Anteil in %
30530,2007,Holz und Holzkohle,In TJ
3.584090535559156,2007,Holz und Holzkohle,Anteil in %
14670,2007,Fernwärme,In TJ
1.72219482989364,2007,Fernwärme,Anteil in %
10600,2007,Abfälle,In TJ
1.244394355615036,2007,Abfälle,Anteil in %
9710,2007,Übrige erneuerbare Energien,In TJ
1.139912188020943,2007,Übrige erneuerbare Energien,Anteil in %
885210,2008,Primärenergieträger - Total,In TJ
100,2008,Primärenergieträger - Total,Anteil in %
188230,2008,Erdölbrennstoffe,In TJ
21.26388088702116,2008,Erdölbrennstoffe,Anteil in %
298420,2008,Treibstoffe,In TJ
33.71177460715536,2008,Treibstoffe,Anteil in %
211420,2008,Elektrizität,In TJ
23.88359824222501,2008,Elektrizität,Anteil in %
108890,2008,Gas,In TJ
12.30103591238237,2008,Gas,Anteil in %
6560,2008,Kohle,In TJ
0.741067091424634,2008,Kohle,Anteil in %
33890,2008,Holz und Holzkohle,In TJ
3.828470080545859,2008,Holz und Holzkohle,Anteil in %
15470,2008,Fernwärme,In TJ
1.747607912246812,2008,Fernwärme,Anteil in %
11130,2008,Abfälle,In TJ
1.257328769444539,2008,Abfälle,Anteil in %
11200,2008,Übrige erneuerbare Energien,In TJ
1.265236497554253,2008,Übrige erneuerbare Energien,Anteil in %
865020,2009,Primärenergieträger - Total,In TJ
100,2009,Primärenergieträger - Total,Anteil in %
182080,2009,Erdölbrennstoffe,In TJ
21.04922429539202,2009,Erdölbrennstoffe,Anteil in %
293450,2009,Treibstoffe,In TJ
33.9240711197429,2009,Treibstoffe,Anteil in %
206980,2009,Elektrizität,In TJ
23.92777045617443,2009,Elektrizität,Anteil in %
104540,2009,Gas,In TJ
12.08526970474671,2009,Gas,Anteil in %
6190,2009,Kohle,In TJ
0.715590390973619,2009,Kohle,Anteil in %
34900,2009,Holz und Holzkohle,In TJ
4.034588795634783,2009,Holz und Holzkohle,Anteil in %
15320,2009,Fernwärme,In TJ
1.771057316593836,2009,Fernwärme,Anteil in %
9510,2009,Abfälle,In TJ
1.099396545744607,2009,Abfälle,Anteil in %
12050,2009,Übrige erneuerbare Energien,In TJ
1.39303137499711,2009,Übrige erneuerbare Energien,Anteil in %
902520,2010,Primärenergieträger - Total,In TJ
100,2010,Primärenergieträger - Total,Anteil in %
190410,2010,Erdölbrennstoffe,In TJ
21.0975934051323,2010,Erdölbrennstoffe,Anteil in %
295080,2010,Treibstoffe,In TJ
32.69512032974338,2010,Treibstoffe,Anteil in %
215230,2010,Elektrizität,In TJ
23.84767096574037,2010,Elektrizität,Anteil in %
115940,2010,Gas,In TJ
12.84625271462128,2010,Gas,Anteil in %
6210,2010,Kohle,In TJ
0.688073394495413,2010,Kohle,Anteil in %
38070,2010,Holz und Holzkohle,In TJ
4.218189070602314,2010,Holz und Holzkohle,Anteil in %
17240,2010,Fernwärme,In TJ
1.910206976022692,2010,Fernwärme,Anteil in %
10040,2010,Abfälle,In TJ
1.112440721535257,2010,Abfälle,Anteil in %
14300,2010,Übrige erneuerbare Energien,In TJ
1.584452422106989,2010,Übrige erneuerbare Energien,Anteil in %
842320,2011,Primärenergieträger - Total,In TJ
100,2011,Primärenergieträger - Total,Anteil in %
150850,2011,Erdölbrennstoffe,In TJ
17.90887073796182,2011,Erdölbrennstoffe,Anteil in %
296590,2011,Treibstoffe,In TJ
35.21108367366322,2011,Treibstoffe,Anteil in %
210960,2011,Elektrizität,In TJ
25.04511349605851,2011,Elektrizität,Anteil in %
104220,2011,Gas,In TJ
12.37296989267737,2011,Gas,Anteil in %
5840,2011,Kohle,In TJ
0.693323202583341,2011,Kohle,Anteil in %
33290,2011,Holz und Holzkohle,In TJ
3.952179694177985,2011,Holz und Holzkohle,Anteil in %
15860,2011,Fernwärme,In TJ
1.882894861810238,2011,Fernwärme,Anteil in %
10510,2011,Abfälle,In TJ
1.247744325197075,2011,Abfälle,Anteil in %
14200,2011,Übrige erneuerbare Energien,In TJ
1.685820115870453,2011,Übrige erneuerbare Energien,Anteil in %
873150,2012,Primärenergieträger - Total,In TJ
100,2012,Primärenergieträger - Total,Anteil in %
161130,2012,Erdölbrennstoffe,In TJ
18.45387390482735,2012,Erdölbrennstoffe,Anteil in %
299850,2012,Treibstoffe,In TJ
34.3411784916681,2012,Treibstoffe,Anteil in %
212300,2012,Elektrizität,In TJ
24.3142644448262,2012,Elektrizität,Anteil in %
114330,2012,Gas,In TJ
13.09397010822883,2012,Gas,Anteil in %
5270,2012,Kohle,In TJ
0.603561816411842,2012,Kohle,Anteil in %
36770,2012,Holz und Holzkohle,In TJ
4.211189371814694,2012,Holz und Holzkohle,Anteil in %
16880,2012,Fernwärme,In TJ
1.933230258260322,2012,Fernwärme,Anteil in %
10300,2012,Abfälle,In TJ
1.179636946687282,2012,Abfälle,Anteil in %
16320,2012,Übrige erneuerbare Energien,In TJ
1.869094657275382,2012,Übrige erneuerbare Energien,Anteil in %
894890,2013,Primärenergieträger - Total,In TJ
100,2013,Primärenergieträger - Total,Anteil in %
168460,2013,Erdölbrennstoffe,In TJ
18.82466001407994,2013,Erdölbrennstoffe,Anteil in %
299770,2013,Treibstoffe,In TJ
33.49797181776531,2013,Treibstoffe,Anteil in %
213560,2013,Elektrizität,In TJ
23.86438556694119,2013,Elektrizität,Anteil in %
120750,2013,Gas,In TJ
13.49327850350322,2013,Gas,Anteil in %
5670,2013,Kohle,In TJ
0.633597425381891,2013,Kohle,Anteil in %
40440,2013,Holz und Holzkohle,In TJ
4.518991160924807,2013,Holz und Holzkohle,Anteil in %
17890,2013,Fernwärme,In TJ
1.999128384494184,2013,Fernwärme,Anteil in %
10450,2013,Abfälle,In TJ
1.167741286638581,2013,Abfälle,Anteil in %
17900,2013,Übrige erneuerbare Energien,In TJ
2.000245840270871,2013,Übrige erneuerbare Energien,Anteil in %
825770,2014,Primärenergieträger - Total,In TJ
100,2014,Primärenergieträger - Total,Anteil in %
127550,2014,Erdölbrennstoffe,In TJ
15.44618961696356,2014,Erdölbrennstoffe,Anteil in %
298260,2014,Treibstoffe,In TJ
36.11901619094905,2014,Treibstoffe,Anteil in %
206880,2014,Elektrizität,In TJ
25.05298085423302,2014,Elektrizität,Anteil in %
107100,2014,Gas,In TJ
12.96971311624302,2014,Gas,Anteil in %
5910,2014,Kohle,In TJ
0.715695653753466,2014,Kohle,Anteil in %
34500,2014,Holz und Holzkohle,In TJ
4.177918790946632,2014,Holz und Holzkohle,Anteil in %
16290,2014,Fernwärme,In TJ
1.972704263899149,2014,Fernwärme,Anteil in %
11830,2014,Abfälle,In TJ
1.43260229846083,2014,Abfälle,Anteil in %
17450,2014,Übrige erneuerbare Energien,In TJ
2.113179214551267,2014,Übrige erneuerbare Energien,Anteil in %
